sku_code,model_code,variant,price_tier,global_launch_date,is_active,created_at,source_system
M44DB86LL/A,IPH201901,128GB / Black,Premium,2019-09-20,Y,2026-04-17 15:11:39.153730,ERP_SKU
M808006LL/A,IPH201901,128GB / White,Premium,2019-09-20,Y,2026-04-17 15:11:39.153734,ERP_SKU
MED578CLL/A,IPH201901,128GB / Yellow,Premium,2019-09-20,Y,2026-04-17 15:11:39.153736,ERP_SKU
M131BF6LL/A,IPH201901,128GB / Purple,Premium,2019-09-20,Y,2026-04-17 15:11:39.153738,ERP_SKU
MDA4855LL/A,IPH201901,128GB / Red,Premium,2019-09-20,Y,2026-04-17 15:11:39.153739,ERP_SKU
M4D01C5LL/A,IPH201901,256GB / Black,Premium,2019-09-20,Y,2026-04-17 15:11:39.153741,ERP_SKU
MB42970LL/A,IPH201901,256GB / White,Premium,2019-09-20,Y,2026-04-17 15:11:39.153742,ERP_SKU
M26A46FLL/A,IPH201901,256GB / Yellow,Premium,2019-09-20,Y,2026-04-17 15:11:39.153744,ERP_SKU
M2A0E05LL/A,IPH201901,256GB / Purple,Premium,2019-09-20,Y,2026-04-17 15:11:39.153745,ERP_SKU
M4332F3LL/A,IPH201901,256GB / Red,Premium,2019-09-20,Y,2026-04-17 15:11:39.153746,ERP_SKU
M001381LL/A,IPH201901,512GB / Black,Premium,2019-09-20,Y,2026-04-17 15:11:39.153748,ERP_SKU
M71ADD3LL/A,IPH201901,512GB / White,Premium,2019-09-20,Y,2026-04-17 15:11:39.153749,ERP_SKU
M6017DDLL/A,IPH201901,512GB / Yellow,Premium,2019-09-20,Y,2026-04-17 15:11:39.153750,ERP_SKU
MBE751DLL/A,IPH201901,512GB / Purple,Premium,2019-09-20,Y,2026-04-17 15:11:39.153752,ERP_SKU
MB2C729LL/A,IPH201901,512GB / Red,Premium,2019-09-20,Y,2026-04-17 15:11:39.153753,ERP_SKU
M953EA1LL/A,IPH201902,256GB / Space Gray,Ultra,2019-09-20,Y,2026-04-17 15:11:39.156489,ERP_SKU
MCE6A0CLL/A,IPH201902,256GB / Silver,Ultra,2019-09-20,Y,2026-04-17 15:11:39.156490,ERP_SKU
M80637DLL/A,IPH201902,256GB / Gold,Ultra,2019-09-20,Y,2026-04-17 15:11:39.156492,ERP_SKU
M29B226LL/A,IPH201902,256GB / Midnight Green,Ultra,2019-09-20,Y,2026-04-17 15:11:39.156493,ERP_SKU
ME78131LL/A,IPH201902,512GB / Space Gray,Ultra,2019-09-20,Y,2026-04-17 15:11:39.156495,ERP_SKU
M8EA5B8LL/A,IPH201902,512GB / Silver,Ultra,2019-09-20,Y,2026-04-17 15:11:39.156496,ERP_SKU
M013559LL/A,IPH201902,512GB / Gold,Ultra,2019-09-20,Y,2026-04-17 15:11:39.156497,ERP_SKU
MA33B19LL/A,IPH201902,512GB / Midnight Green,Ultra,2019-09-20,Y,2026-04-17 15:11:39.156499,ERP_SKU
M383651LL/A,IPH201902,1TB / Space Gray,Ultra,2019-09-20,Y,2026-04-17 15:11:39.156500,ERP_SKU
M1CCA8FLL/A,IPH201902,1TB / Silver,Ultra,2019-09-20,Y,2026-04-17 15:11:39.156501,ERP_SKU
M79E656LL/A,IPH201902,1TB / Gold,Ultra,2019-09-20,Y,2026-04-17 15:11:39.156503,ERP_SKU
MA1EA69LL/A,IPH201902,1TB / Midnight Green,Ultra,2019-09-20,Y,2026-04-17 15:11:39.156504,ERP_SKU
MDBD61BLL/A,IPH201903,256GB / Space Gray,Ultra,2019-09-20,Y,2026-04-17 15:11:39.158482,ERP_SKU
M4D0B35LL/A,IPH201903,256GB / Silver,Ultra,2019-09-20,Y,2026-04-17 15:11:39.158483,ERP_SKU
M20B344LL/A,IPH201903,256GB / Gold,Ultra,2019-09-20,Y,2026-04-17 15:11:39.158484,ERP_SKU
M1F817CLL/A,IPH201903,256GB / Midnight Green,Ultra,2019-09-20,Y,2026-04-17 15:11:39.158486,ERP_SKU
M2E2AE0LL/A,IPH201903,512GB / Space Gray,Ultra,2019-09-20,Y,2026-04-17 15:11:39.158487,ERP_SKU
M8FE0FELL/A,IPH201903,512GB / Silver,Ultra,2019-09-20,Y,2026-04-17 15:11:39.158488,ERP_SKU
M65B569LL/A,IPH201903,512GB / Gold,Ultra,2019-09-20,Y,2026-04-17 15:11:39.158490,ERP_SKU
MD096F0LL/A,IPH201903,512GB / Midnight Green,Ultra,2019-09-20,Y,2026-04-17 15:11:39.158493,ERP_SKU
M6D243DLL/A,IPH201903,1TB / Space Gray,Ultra,2019-09-20,Y,2026-04-17 15:11:39.158494,ERP_SKU
M56445ELL/A,IPH201903,1TB / Silver,Ultra,2019-09-20,Y,2026-04-17 15:11:39.158496,ERP_SKU
M377C56LL/A,IPH201903,1TB / Gold,Ultra,2019-09-20,Y,2026-04-17 15:11:39.158497,ERP_SKU
M1F574ALL/A,IPH201903,1TB / Midnight Green,Ultra,2019-09-20,Y,2026-04-17 15:11:39.158498,ERP_SKU
MFB1D5ALL/A,IPH202001,128GB / Black,Premium,2020-10-23,Y,2026-04-17 15:11:39.160560,ERP_SKU
M92D3E8LL/A,IPH202001,128GB / White,Premium,2020-10-23,Y,2026-04-17 15:11:39.160562,ERP_SKU
M59B919LL/A,IPH202001,128GB / Blue,Premium,2020-10-23,Y,2026-04-17 15:11:39.160564,ERP_SKU
M5FD317LL/A,IPH202001,128GB / Green,Premium,2020-10-23,Y,2026-04-17 15:11:39.160565,ERP_SKU
M11F2C1LL/A,IPH202001,128GB / Red,Premium,2020-10-23,Y,2026-04-17 15:11:39.160566,ERP_SKU
MB9C260LL/A,IPH202001,256GB / Black,Premium,2020-10-23,Y,2026-04-17 15:11:39.160568,ERP_SKU
MED0E22LL/A,IPH202001,256GB / White,Premium,2020-10-23,Y,2026-04-17 15:11:39.160569,ERP_SKU
M876CB1LL/A,IPH202001,256GB / Blue,Premium,2020-10-23,Y,2026-04-17 15:11:39.160570,ERP_SKU
M5A8BA9LL/A,IPH202001,256GB / Green,Premium,2020-10-23,Y,2026-04-17 15:11:39.160571,ERP_SKU
M15734CLL/A,IPH202001,256GB / Red,Premium,2020-10-23,Y,2026-04-17 15:11:39.160573,ERP_SKU
MD24A66LL/A,IPH202001,512GB / Black,Premium,2020-10-23,Y,2026-04-17 15:11:39.160574,ERP_SKU
ME32E46LL/A,IPH202001,512GB / White,Premium,2020-10-23,Y,2026-04-17 15:11:39.160575,ERP_SKU
MADE336LL/A,IPH202001,512GB / Blue,Premium,2020-10-23,Y,2026-04-17 15:11:39.160576,ERP_SKU
MDF07A4LL/A,IPH202001,512GB / Green,Premium,2020-10-23,Y,2026-04-17 15:11:39.160578,ERP_SKU
ME0486DLL/A,IPH202001,512GB / Red,Premium,2020-10-23,Y,2026-04-17 15:11:39.160579,ERP_SKU
M9015A1LL/A,IPH202002,128GB / Black,Premium,2020-10-23,Y,2026-04-17 15:11:39.163395,ERP_SKU
M5F3637LL/A,IPH202002,128GB / White,Premium,2020-10-23,Y,2026-04-17 15:11:39.163397,ERP_SKU
MCE301FLL/A,IPH202002,128GB / Blue,Premium,2020-10-23,Y,2026-04-17 15:11:39.163398,ERP_SKU
MB81D21LL/A,IPH202002,128GB / Green,Premium,2020-10-23,Y,2026-04-17 15:11:39.163399,ERP_SKU
MD6A5A5LL/A,IPH202002,128GB / Red,Premium,2020-10-23,Y,2026-04-17 15:11:39.163400,ERP_SKU
MB94C79LL/A,IPH202002,256GB / Black,Premium,2020-10-23,Y,2026-04-17 15:11:39.163402,ERP_SKU
M19F693LL/A,IPH202002,256GB / White,Premium,2020-10-23,Y,2026-04-17 15:11:39.163403,ERP_SKU
MA00770LL/A,IPH202002,256GB / Blue,Premium,2020-10-23,Y,2026-04-17 15:11:39.163404,ERP_SKU
M38B2BELL/A,IPH202002,256GB / Green,Premium,2020-10-23,Y,2026-04-17 15:11:39.163406,ERP_SKU
MBB4468LL/A,IPH202002,256GB / Red,Premium,2020-10-23,Y,2026-04-17 15:11:39.163407,ERP_SKU
M0CF0E7LL/A,IPH202002,512GB / Black,Premium,2020-10-23,Y,2026-04-17 15:11:39.163408,ERP_SKU
MDEF5BFLL/A,IPH202002,512GB / White,Premium,2020-10-23,Y,2026-04-17 15:11:39.163409,ERP_SKU
MB9AD20LL/A,IPH202002,512GB / Blue,Premium,2020-10-23,Y,2026-04-17 15:11:39.163411,ERP_SKU
M3572B3LL/A,IPH202002,512GB / Green,Premium,2020-10-23,Y,2026-04-17 15:11:39.163412,ERP_SKU
M922A07LL/A,IPH202002,512GB / Red,Premium,2020-10-23,Y,2026-04-17 15:11:39.163413,ERP_SKU
MDBCA4BLL/A,IPH202003,256GB / Space Gray,Ultra,2020-10-23,Y,2026-04-17 15:11:39.173246,ERP_SKU
MC030A9LL/A,IPH202003,256GB / Silver,Ultra,2020-10-23,Y,2026-04-17 15:11:39.173249,ERP_SKU
MC23F1CLL/A,IPH202003,256GB / Gold,Ultra,2020-10-23,Y,2026-04-17 15:11:39.173250,ERP_SKU
M9103D6LL/A,IPH202003,256GB / Pacific Blue,Ultra,2020-10-23,Y,2026-04-17 15:11:39.173255,ERP_SKU
M3C3089LL/A,IPH202003,512GB / Space Gray,Ultra,2020-10-23,Y,2026-04-17 15:11:39.173257,ERP_SKU
M9EBCB8LL/A,IPH202003,512GB / Silver,Ultra,2020-10-23,Y,2026-04-17 15:11:39.173258,ERP_SKU
MF41893LL/A,IPH202003,512GB / Gold,Ultra,2020-10-23,Y,2026-04-17 15:11:39.173259,ERP_SKU
MCC0701LL/A,IPH202003,512GB / Pacific Blue,Ultra,2020-10-23,Y,2026-04-17 15:11:39.173261,ERP_SKU
M6B3B72LL/A,IPH202003,1TB / Space Gray,Ultra,2020-10-23,Y,2026-04-17 15:11:39.173262,ERP_SKU
M2BE435LL/A,IPH202003,1TB / Silver,Ultra,2020-10-23,Y,2026-04-17 15:11:39.173263,ERP_SKU
M8CCFE5LL/A,IPH202003,1TB / Gold,Ultra,2020-10-23,Y,2026-04-17 15:11:39.173264,ERP_SKU
ME2601ALL/A,IPH202003,1TB / Pacific Blue,Ultra,2020-10-23,Y,2026-04-17 15:11:39.173266,ERP_SKU
M05C22ELL/A,IPH202004,256GB / Space Gray,Ultra,2020-11-13,Y,2026-04-17 15:11:39.175251,ERP_SKU
M85E348LL/A,IPH202004,256GB / Silver,Ultra,2020-11-13,Y,2026-04-17 15:11:39.175254,ERP_SKU
M68C725LL/A,IPH202004,256GB / Gold,Ultra,2020-11-13,Y,2026-04-17 15:11:39.175257,ERP_SKU
MB93F33LL/A,IPH202004,256GB / Pacific Blue,Ultra,2020-11-13,Y,2026-04-17 15:11:39.175258,ERP_SKU
M24C1BELL/A,IPH202004,512GB / Space Gray,Ultra,2020-11-13,Y,2026-04-17 15:11:39.175260,ERP_SKU
M946327LL/A,IPH202004,512GB / Silver,Ultra,2020-11-13,Y,2026-04-17 15:11:39.175261,ERP_SKU
MC85B0ELL/A,IPH202004,512GB / Gold,Ultra,2020-11-13,Y,2026-04-17 15:11:39.175262,ERP_SKU
M6DE886LL/A,IPH202004,512GB / Pacific Blue,Ultra,2020-11-13,Y,2026-04-17 15:11:39.175264,ERP_SKU
MED11A1LL/A,IPH202004,1TB / Space Gray,Ultra,2020-11-13,Y,2026-04-17 15:11:39.175265,ERP_SKU
M61D168LL/A,IPH202004,1TB / Silver,Ultra,2020-11-13,Y,2026-04-17 15:11:39.175266,ERP_SKU
MFB31DBLL/A,IPH202004,1TB / Gold,Ultra,2020-11-13,Y,2026-04-17 15:11:39.175267,ERP_SKU
MD7E61CLL/A,IPH202004,1TB / Pacific Blue,Ultra,2020-11-13,Y,2026-04-17 15:11:39.175269,ERP_SKU
MA6A473LL/A,IPH202101,128GB / Black,Premium,2021-09-24,Y,2026-04-17 15:11:39.177356,ERP_SKU
M045619LL/A,IPH202101,128GB / Blue,Premium,2021-09-24,Y,2026-04-17 15:11:39.177357,ERP_SKU
MC1162ALL/A,IPH202101,128GB / Green,Premium,2021-09-24,Y,2026-04-17 15:11:39.177358,ERP_SKU
M09FE40LL/A,IPH202101,128GB / Pink,Premium,2021-09-24,Y,2026-04-17 15:11:39.177360,ERP_SKU
M4E00FFLL/A,IPH202101,128GB / Red,Premium,2021-09-24,Y,2026-04-17 15:11:39.177361,ERP_SKU
M785147LL/A,IPH202101,128GB / Starlight,Premium,2021-09-24,Y,2026-04-17 15:11:39.177362,ERP_SKU
MA7336ALL/A,IPH202101,256GB / Black,Premium,2021-09-24,Y,2026-04-17 15:11:39.177363,ERP_SKU
M54BB74LL/A,IPH202101,256GB / Blue,Premium,2021-09-24,Y,2026-04-17 15:11:39.177365,ERP_SKU
M50531DLL/A,IPH202101,256GB / Green,Premium,2021-09-24,Y,2026-04-17 15:11:39.177366,ERP_SKU
M735A0ALL/A,IPH202101,256GB / Pink,Premium,2021-09-24,Y,2026-04-17 15:11:39.177367,ERP_SKU
M795EB3LL/A,IPH202101,256GB / Red,Premium,2021-09-24,Y,2026-04-17 15:11:39.177368,ERP_SKU
M916CCFLL/A,IPH202101,256GB / Starlight,Premium,2021-09-24,Y,2026-04-17 15:11:39.177369,ERP_SKU
M71B2ADLL/A,IPH202101,512GB / Black,Premium,2021-09-24,Y,2026-04-17 15:11:39.177371,ERP_SKU
MA94E9BLL/A,IPH202101,512GB / Blue,Premium,2021-09-24,Y,2026-04-17 15:11:39.177372,ERP_SKU
M1DF0AFLL/A,IPH202101,512GB / Green,Premium,2021-09-24,Y,2026-04-17 15:11:39.177373,ERP_SKU
M073CC8LL/A,IPH202101,512GB / Pink,Premium,2021-09-24,Y,2026-04-17 15:11:39.177374,ERP_SKU
MAF7D2DLL/A,IPH202101,512GB / Red,Premium,2021-09-24,Y,2026-04-17 15:11:39.177375,ERP_SKU
M0A826DLL/A,IPH202101,512GB / Starlight,Premium,2021-09-24,Y,2026-04-17 15:11:39.177376,ERP_SKU
M4887EDLL/A,IPH202102,128GB / Black,Premium,2021-09-24,Y,2026-04-17 15:11:39.180325,ERP_SKU
M6C1E07LL/A,IPH202102,128GB / Blue,Premium,2021-09-24,Y,2026-04-17 15:11:39.180327,ERP_SKU
M2B7EE7LL/A,IPH202102,128GB / Green,Premium,2021-09-24,Y,2026-04-17 15:11:39.180328,ERP_SKU
M046C1DLL/A,IPH202102,128GB / Pink,Premium,2021-09-24,Y,2026-04-17 15:11:39.180330,ERP_SKU
MDAD2D8LL/A,IPH202102,128GB / Red,Premium,2021-09-24,Y,2026-04-17 15:11:39.180331,ERP_SKU
M6EAC85LL/A,IPH202102,128GB / Starlight,Premium,2021-09-24,Y,2026-04-17 15:11:39.180332,ERP_SKU
MF84BD6LL/A,IPH202102,256GB / Black,Premium,2021-09-24,Y,2026-04-17 15:11:39.180334,ERP_SKU
M4D50E2LL/A,IPH202102,256GB / Blue,Premium,2021-09-24,Y,2026-04-17 15:11:39.180335,ERP_SKU
MB7D4A3LL/A,IPH202102,256GB / Green,Premium,2021-09-24,Y,2026-04-17 15:11:39.180336,ERP_SKU
MA7921DLL/A,IPH202102,256GB / Pink,Premium,2021-09-24,Y,2026-04-17 15:11:39.180337,ERP_SKU
MCDE8FFLL/A,IPH202102,256GB / Red,Premium,2021-09-24,Y,2026-04-17 15:11:39.180339,ERP_SKU
M0997E2LL/A,IPH202102,256GB / Starlight,Premium,2021-09-24,Y,2026-04-17 15:11:39.180340,ERP_SKU
M856D38LL/A,IPH202102,512GB / Black,Premium,2021-09-24,Y,2026-04-17 15:11:39.180341,ERP_SKU
MA6C849LL/A,IPH202102,512GB / Blue,Premium,2021-09-24,Y,2026-04-17 15:11:39.180342,ERP_SKU
M633E31LL/A,IPH202102,512GB / Green,Premium,2021-09-24,Y,2026-04-17 15:11:39.180343,ERP_SKU
M9159B7LL/A,IPH202102,512GB / Pink,Premium,2021-09-24,Y,2026-04-17 15:11:39.180345,ERP_SKU
MFB17C4LL/A,IPH202102,512GB / Red,Premium,2021-09-24,Y,2026-04-17 15:11:39.180346,ERP_SKU
M2548FCLL/A,IPH202102,512GB / Starlight,Premium,2021-09-24,Y,2026-04-17 15:11:39.180347,ERP_SKU
M41206BLL/A,IPH202103,256GB / Graphite,Ultra,2021-09-24,Y,2026-04-17 15:11:39.183212,ERP_SKU
M0490F0LL/A,IPH202103,256GB / Silver,Ultra,2021-09-24,Y,2026-04-17 15:11:39.183213,ERP_SKU
M5E7179LL/A,IPH202103,256GB / Gold,Ultra,2021-09-24,Y,2026-04-17 15:11:39.183214,ERP_SKU
M23DF56LL/A,IPH202103,256GB / Sierra Blue,Ultra,2021-09-24,Y,2026-04-17 15:11:39.183216,ERP_SKU
M1E6FCELL/A,IPH202103,512GB / Graphite,Ultra,2021-09-24,Y,2026-04-17 15:11:39.183217,ERP_SKU
MF59BD5LL/A,IPH202103,512GB / Silver,Ultra,2021-09-24,Y,2026-04-17 15:11:39.183218,ERP_SKU
M309CF3LL/A,IPH202103,512GB / Gold,Ultra,2021-09-24,Y,2026-04-17 15:11:39.183219,ERP_SKU
M85B87BLL/A,IPH202103,512GB / Sierra Blue,Ultra,2021-09-24,Y,2026-04-17 15:11:39.183221,ERP_SKU
M2A98FELL/A,IPH202103,1TB / Graphite,Ultra,2021-09-24,Y,2026-04-17 15:11:39.183222,ERP_SKU
M62D832LL/A,IPH202103,1TB / Silver,Ultra,2021-09-24,Y,2026-04-17 15:11:39.183223,ERP_SKU
MC12053LL/A,IPH202103,1TB / Gold,Ultra,2021-09-24,Y,2026-04-17 15:11:39.183224,ERP_SKU
MA77E65LL/A,IPH202103,1TB / Sierra Blue,Ultra,2021-09-24,Y,2026-04-17 15:11:39.183227,ERP_SKU
M9E82ECLL/A,IPH202104,256GB / Graphite,Ultra,2021-09-24,Y,2026-04-17 15:11:39.185307,ERP_SKU
MFD9345LL/A,IPH202104,256GB / Silver,Ultra,2021-09-24,Y,2026-04-17 15:11:39.185309,ERP_SKU
MB40202LL/A,IPH202104,256GB / Gold,Ultra,2021-09-24,Y,2026-04-17 15:11:39.185310,ERP_SKU
MC729F8LL/A,IPH202104,256GB / Sierra Blue,Ultra,2021-09-24,Y,2026-04-17 15:11:39.185312,ERP_SKU
MB12DB8LL/A,IPH202104,512GB / Graphite,Ultra,2021-09-24,Y,2026-04-17 15:11:39.185313,ERP_SKU
M0D6AFCLL/A,IPH202104,512GB / Silver,Ultra,2021-09-24,Y,2026-04-17 15:11:39.185315,ERP_SKU
M718189LL/A,IPH202104,512GB / Gold,Ultra,2021-09-24,Y,2026-04-17 15:11:39.185316,ERP_SKU
M5F0BC6LL/A,IPH202104,512GB / Sierra Blue,Ultra,2021-09-24,Y,2026-04-17 15:11:39.185317,ERP_SKU
MA52864LL/A,IPH202104,1TB / Graphite,Ultra,2021-09-24,Y,2026-04-17 15:11:39.185318,ERP_SKU
M242E2ALL/A,IPH202104,1TB / Silver,Ultra,2021-09-24,Y,2026-04-17 15:11:39.185320,ERP_SKU
M7F2761LL/A,IPH202104,1TB / Gold,Ultra,2021-09-24,Y,2026-04-17 15:11:39.185321,ERP_SKU
MB6AD1CLL/A,IPH202104,1TB / Sierra Blue,Ultra,2021-09-24,Y,2026-04-17 15:11:39.185322,ERP_SKU
M4098BFLL/A,IPH202201,128GB / Black,Premium,2022-09-16,Y,2026-04-17 15:11:39.187226,ERP_SKU
M15321CLL/A,IPH202201,128GB / Blue,Premium,2022-09-16,Y,2026-04-17 15:11:39.187227,ERP_SKU
MDEF884LL/A,IPH202201,128GB / Purple,Premium,2022-09-16,Y,2026-04-17 15:11:39.187229,ERP_SKU
M75ADECLL/A,IPH202201,128GB / Red,Premium,2022-09-16,Y,2026-04-17 15:11:39.187230,ERP_SKU
MBC7279LL/A,IPH202201,128GB / Starlight,Premium,2022-09-16,Y,2026-04-17 15:11:39.187231,ERP_SKU
M103DA5LL/A,IPH202201,128GB / Yellow,Premium,2022-09-16,Y,2026-04-17 15:11:39.187233,ERP_SKU
M82D7C7LL/A,IPH202201,256GB / Black,Premium,2022-09-16,Y,2026-04-17 15:11:39.187234,ERP_SKU
M578C11LL/A,IPH202201,256GB / Blue,Premium,2022-09-16,Y,2026-04-17 15:11:39.187235,ERP_SKU
M03B6DFLL/A,IPH202201,256GB / Purple,Premium,2022-09-16,Y,2026-04-17 15:11:39.187236,ERP_SKU
M199139LL/A,IPH202201,256GB / Red,Premium,2022-09-16,Y,2026-04-17 15:11:39.187238,ERP_SKU
M30952CLL/A,IPH202201,256GB / Starlight,Premium,2022-09-16,Y,2026-04-17 15:11:39.187239,ERP_SKU
M90B986LL/A,IPH202201,256GB / Yellow,Premium,2022-09-16,Y,2026-04-17 15:11:39.187242,ERP_SKU
MB9CD72LL/A,IPH202201,512GB / Black,Premium,2022-09-16,Y,2026-04-17 15:11:39.187243,ERP_SKU
M9ACDCFLL/A,IPH202201,512GB / Blue,Premium,2022-09-16,Y,2026-04-17 15:11:39.187244,ERP_SKU
M5E811DLL/A,IPH202201,512GB / Purple,Premium,2022-09-16,Y,2026-04-17 15:11:39.187245,ERP_SKU
M93801FLL/A,IPH202201,512GB / Red,Premium,2022-09-16,Y,2026-04-17 15:11:39.187247,ERP_SKU
M2688B2LL/A,IPH202201,512GB / Starlight,Premium,2022-09-16,Y,2026-04-17 15:11:39.187248,ERP_SKU
M14BFE9LL/A,IPH202201,512GB / Yellow,Premium,2022-09-16,Y,2026-04-17 15:11:39.187249,ERP_SKU
M96E535LL/A,IPH202202,128GB / Black,Premium,2022-10-07,Y,2026-04-17 15:11:39.190114,ERP_SKU
M2DDF74LL/A,IPH202202,128GB / Blue,Premium,2022-10-07,Y,2026-04-17 15:11:39.190115,ERP_SKU
MDE0732LL/A,IPH202202,128GB / Purple,Premium,2022-10-07,Y,2026-04-17 15:11:39.190117,ERP_SKU
M88B502LL/A,IPH202202,128GB / Red,Premium,2022-10-07,Y,2026-04-17 15:11:39.190118,ERP_SKU
MD060A6LL/A,IPH202202,128GB / Starlight,Premium,2022-10-07,Y,2026-04-17 15:11:39.190119,ERP_SKU
M18F4C5LL/A,IPH202202,128GB / Yellow,Premium,2022-10-07,Y,2026-04-17 15:11:39.190120,ERP_SKU
M9C9420LL/A,IPH202202,256GB / Black,Premium,2022-10-07,Y,2026-04-17 15:11:39.190123,ERP_SKU
M18D1C6LL/A,IPH202202,256GB / Blue,Premium,2022-10-07,Y,2026-04-17 15:11:39.190125,ERP_SKU
M5A19D3LL/A,IPH202202,256GB / Purple,Premium,2022-10-07,Y,2026-04-17 15:11:39.190126,ERP_SKU
M680C26LL/A,IPH202202,256GB / Red,Premium,2022-10-07,Y,2026-04-17 15:11:39.190127,ERP_SKU
M3A539FLL/A,IPH202202,256GB / Starlight,Premium,2022-10-07,Y,2026-04-17 15:11:39.190128,ERP_SKU
MDA65CBLL/A,IPH202202,256GB / Yellow,Premium,2022-10-07,Y,2026-04-17 15:11:39.190129,ERP_SKU
MC4551ELL/A,IPH202202,512GB / Black,Premium,2022-10-07,Y,2026-04-17 15:11:39.190131,ERP_SKU
MA1BBFBLL/A,IPH202202,512GB / Blue,Premium,2022-10-07,Y,2026-04-17 15:11:39.190132,ERP_SKU
MB82FE4LL/A,IPH202202,512GB / Purple,Premium,2022-10-07,Y,2026-04-17 15:11:39.190133,ERP_SKU
MF930F7LL/A,IPH202202,512GB / Red,Premium,2022-10-07,Y,2026-04-17 15:11:39.190134,ERP_SKU
M3EDAC8LL/A,IPH202202,512GB / Starlight,Premium,2022-10-07,Y,2026-04-17 15:11:39.190135,ERP_SKU
M160CE9LL/A,IPH202202,512GB / Yellow,Premium,2022-10-07,Y,2026-04-17 15:11:39.190137,ERP_SKU
MC78E55LL/A,IPH202203,256GB / Space Black,Ultra,2022-09-16,Y,2026-04-17 15:11:39.193078,ERP_SKU
M894471LL/A,IPH202203,256GB / Silver,Ultra,2022-09-16,Y,2026-04-17 15:11:39.193079,ERP_SKU
M7B160DLL/A,IPH202203,256GB / Gold,Ultra,2022-09-16,Y,2026-04-17 15:11:39.193081,ERP_SKU
MFC2424LL/A,IPH202203,256GB / Deep Purple,Ultra,2022-09-16,Y,2026-04-17 15:11:39.193082,ERP_SKU
MA5507BLL/A,IPH202203,512GB / Space Black,Ultra,2022-09-16,Y,2026-04-17 15:11:39.193083,ERP_SKU
MFE42B2LL/A,IPH202203,512GB / Silver,Ultra,2022-09-16,Y,2026-04-17 15:11:39.193085,ERP_SKU
M809BA0LL/A,IPH202203,512GB / Gold,Ultra,2022-09-16,Y,2026-04-17 15:11:39.193086,ERP_SKU
M3A7EC1LL/A,IPH202203,512GB / Deep Purple,Ultra,2022-09-16,Y,2026-04-17 15:11:39.193087,ERP_SKU
M77EE59LL/A,IPH202203,1TB / Space Black,Ultra,2022-09-16,Y,2026-04-17 15:11:39.193088,ERP_SKU
M49635DLL/A,IPH202203,1TB / Silver,Ultra,2022-09-16,Y,2026-04-17 15:11:39.193090,ERP_SKU
M492E4FLL/A,IPH202203,1TB / Gold,Ultra,2022-09-16,Y,2026-04-17 15:11:39.193091,ERP_SKU
MCF3B24LL/A,IPH202203,1TB / Deep Purple,Ultra,2022-09-16,Y,2026-04-17 15:11:39.193092,ERP_SKU
MCE54B0LL/A,IPH202204,256GB / Space Black,Ultra,2022-09-16,Y,2026-04-17 15:11:39.195139,ERP_SKU
M944C25LL/A,IPH202204,256GB / Silver,Ultra,2022-09-16,Y,2026-04-17 15:11:39.195141,ERP_SKU
M41C250LL/A,IPH202204,256GB / Gold,Ultra,2022-09-16,Y,2026-04-17 15:11:39.195142,ERP_SKU
MD48A0FLL/A,IPH202204,256GB / Deep Purple,Ultra,2022-09-16,Y,2026-04-17 15:11:39.195143,ERP_SKU
ME338BCLL/A,IPH202204,512GB / Space Black,Ultra,2022-09-16,Y,2026-04-17 15:11:39.195144,ERP_SKU
M583FCELL/A,IPH202204,512GB / Silver,Ultra,2022-09-16,Y,2026-04-17 15:11:39.195146,ERP_SKU
M3DC206LL/A,IPH202204,512GB / Gold,Ultra,2022-09-16,Y,2026-04-17 15:11:39.195147,ERP_SKU
M967027LL/A,IPH202204,512GB / Deep Purple,Ultra,2022-09-16,Y,2026-04-17 15:11:39.195148,ERP_SKU
MAE2819LL/A,IPH202204,1TB / Space Black,Ultra,2022-09-16,Y,2026-04-17 15:11:39.195149,ERP_SKU
MF13B86LL/A,IPH202204,1TB / Silver,Ultra,2022-09-16,Y,2026-04-17 15:11:39.195151,ERP_SKU
M9C3CB5LL/A,IPH202204,1TB / Gold,Ultra,2022-09-16,Y,2026-04-17 15:11:39.195152,ERP_SKU
M2688B4LL/A,IPH202204,1TB / Deep Purple,Ultra,2022-09-16,Y,2026-04-17 15:11:39.195153,ERP_SKU
M05C121LL/A,IPH202301,128GB / Black,Premium,2023-09-22,Y,2026-04-17 15:11:39.197043,ERP_SKU
MDEDDB7LL/A,IPH202301,128GB / Blue,Premium,2023-09-22,Y,2026-04-17 15:11:39.197046,ERP_SKU
MCE0BEDLL/A,IPH202301,128GB / Green,Premium,2023-09-22,Y,2026-04-17 15:11:39.197047,ERP_SKU
MC0215CLL/A,IPH202301,128GB / Pink,Premium,2023-09-22,Y,2026-04-17 15:11:39.197049,ERP_SKU
MC788C0LL/A,IPH202301,128GB / Yellow,Premium,2023-09-22,Y,2026-04-17 15:11:39.197050,ERP_SKU
M878EC9LL/A,IPH202301,256GB / Black,Premium,2023-09-22,Y,2026-04-17 15:11:39.197051,ERP_SKU
MEF1F14LL/A,IPH202301,256GB / Blue,Premium,2023-09-22,Y,2026-04-17 15:11:39.197052,ERP_SKU
M572E74LL/A,IPH202301,256GB / Green,Premium,2023-09-22,Y,2026-04-17 15:11:39.197054,ERP_SKU
MC69253LL/A,IPH202301,256GB / Pink,Premium,2023-09-22,Y,2026-04-17 15:11:39.197055,ERP_SKU
M47A8A6LL/A,IPH202301,256GB / Yellow,Premium,2023-09-22,Y,2026-04-17 15:11:39.197056,ERP_SKU
MA83831LL/A,IPH202301,512GB / Black,Premium,2023-09-22,Y,2026-04-17 15:11:39.197057,ERP_SKU
M985889LL/A,IPH202301,512GB / Blue,Premium,2023-09-22,Y,2026-04-17 15:11:39.197059,ERP_SKU
M736D28LL/A,IPH202301,512GB / Green,Premium,2023-09-22,Y,2026-04-17 15:11:39.197060,ERP_SKU
M00B87BLL/A,IPH202301,512GB / Pink,Premium,2023-09-22,Y,2026-04-17 15:11:39.197061,ERP_SKU
M1DD06CLL/A,IPH202301,512GB / Yellow,Premium,2023-09-22,Y,2026-04-17 15:11:39.197062,ERP_SKU
MAE716DLL/A,IPH202302,128GB / Black,Premium,2023-09-22,Y,2026-04-17 15:11:39.199471,ERP_SKU
MCD5039LL/A,IPH202302,128GB / Blue,Premium,2023-09-22,Y,2026-04-17 15:11:39.199473,ERP_SKU
M366A76LL/A,IPH202302,128GB / Green,Premium,2023-09-22,Y,2026-04-17 15:11:39.199474,ERP_SKU
M705170LL/A,IPH202302,128GB / Pink,Premium,2023-09-22,Y,2026-04-17 15:11:39.199475,ERP_SKU
M2D5EBDLL/A,IPH202302,128GB / Yellow,Premium,2023-09-22,Y,2026-04-17 15:11:39.199477,ERP_SKU
M3CF7E9LL/A,IPH202302,256GB / Black,Premium,2023-09-22,Y,2026-04-17 15:11:39.199478,ERP_SKU
M699A0ELL/A,IPH202302,256GB / Blue,Premium,2023-09-22,Y,2026-04-17 15:11:39.199479,ERP_SKU
M3C1008LL/A,IPH202302,256GB / Green,Premium,2023-09-22,Y,2026-04-17 15:11:39.199480,ERP_SKU
MC26E85LL/A,IPH202302,256GB / Pink,Premium,2023-09-22,Y,2026-04-17 15:11:39.199481,ERP_SKU
M86147BLL/A,IPH202302,256GB / Yellow,Premium,2023-09-22,Y,2026-04-17 15:11:39.199483,ERP_SKU
MC5C9B6LL/A,IPH202302,512GB / Black,Premium,2023-09-22,Y,2026-04-17 15:11:39.199484,ERP_SKU
M6F3231LL/A,IPH202302,512GB / Blue,Premium,2023-09-22,Y,2026-04-17 15:11:39.199485,ERP_SKU
M261375LL/A,IPH202302,512GB / Green,Premium,2023-09-22,Y,2026-04-17 15:11:39.199486,ERP_SKU
MD8FB2ALL/A,IPH202302,512GB / Pink,Premium,2023-09-22,Y,2026-04-17 15:11:39.199487,ERP_SKU
M4AEA8CLL/A,IPH202302,512GB / Yellow,Premium,2023-09-22,Y,2026-04-17 15:11:39.199489,ERP_SKU
MFF93EBLL/A,IPH202303,256GB / Black Titanium,Ultra,2023-09-22,Y,2026-04-17 15:11:39.202000,ERP_SKU
MC20377LL/A,IPH202303,256GB / White Titanium,Ultra,2023-09-22,Y,2026-04-17 15:11:39.202002,ERP_SKU
M4BF5EBLL/A,IPH202303,256GB / Blue Titanium,Ultra,2023-09-22,Y,2026-04-17 15:11:39.202003,ERP_SKU
M20ABD0LL/A,IPH202303,256GB / Natural Titanium,Ultra,2023-09-22,Y,2026-04-17 15:11:39.202005,ERP_SKU
MC30BA8LL/A,IPH202303,512GB / Black Titanium,Ultra,2023-09-22,Y,2026-04-17 15:11:39.202006,ERP_SKU
MEAE40DLL/A,IPH202303,512GB / White Titanium,Ultra,2023-09-22,Y,2026-04-17 15:11:39.202007,ERP_SKU
M5B5668LL/A,IPH202303,512GB / Blue Titanium,Ultra,2023-09-22,Y,2026-04-17 15:11:39.202009,ERP_SKU
ME414DBLL/A,IPH202303,512GB / Natural Titanium,Ultra,2023-09-22,Y,2026-04-17 15:11:39.202010,ERP_SKU
M992AF4LL/A,IPH202303,1TB / Black Titanium,Ultra,2023-09-22,Y,2026-04-17 15:11:39.202011,ERP_SKU
M3AC87DLL/A,IPH202303,1TB / White Titanium,Ultra,2023-09-22,Y,2026-04-17 15:11:39.202012,ERP_SKU
MADA688LL/A,IPH202303,1TB / Blue Titanium,Ultra,2023-09-22,Y,2026-04-17 15:11:39.202014,ERP_SKU
M972316LL/A,IPH202303,1TB / Natural Titanium,Ultra,2023-09-22,Y,2026-04-17 15:11:39.202015,ERP_SKU
MAAA73CLL/A,IPH202304,256GB / Black Titanium,Ultra,2023-09-22,Y,2026-04-17 15:11:39.204007,ERP_SKU
M7D99E2LL/A,IPH202304,256GB / White Titanium,Ultra,2023-09-22,Y,2026-04-17 15:11:39.204008,ERP_SKU
M54E142LL/A,IPH202304,256GB / Blue Titanium,Ultra,2023-09-22,Y,2026-04-17 15:11:39.204009,ERP_SKU
MFA785CLL/A,IPH202304,256GB / Natural Titanium,Ultra,2023-09-22,Y,2026-04-17 15:11:39.204011,ERP_SKU
M4FB32ALL/A,IPH202304,512GB / Black Titanium,Ultra,2023-09-22,Y,2026-04-17 15:11:39.204012,ERP_SKU
MC461C9LL/A,IPH202304,512GB / White Titanium,Ultra,2023-09-22,Y,2026-04-17 15:11:39.204013,ERP_SKU
M5BFD67LL/A,IPH202304,512GB / Blue Titanium,Ultra,2023-09-22,Y,2026-04-17 15:11:39.204014,ERP_SKU
MEF174CLL/A,IPH202304,512GB / Natural Titanium,Ultra,2023-09-22,Y,2026-04-17 15:11:39.204016,ERP_SKU
MD4ACF1LL/A,IPH202304,1TB / Black Titanium,Ultra,2023-09-22,Y,2026-04-17 15:11:39.204019,ERP_SKU
M0C0767LL/A,IPH202304,1TB / White Titanium,Ultra,2023-09-22,Y,2026-04-17 15:11:39.204021,ERP_SKU
M0B1EB1LL/A,IPH202304,1TB / Blue Titanium,Ultra,2023-09-22,Y,2026-04-17 15:11:39.204022,ERP_SKU
M574DAELL/A,IPH202304,1TB / Natural Titanium,Ultra,2023-09-22,Y,2026-04-17 15:11:39.204023,ERP_SKU
MC12B81LL/A,IPH202401,128GB / Black,Premium,2024-09-20,Y,2026-04-17 15:11:39.205902,ERP_SKU
M7D329CLL/A,IPH202401,128GB / White,Premium,2024-09-20,Y,2026-04-17 15:11:39.205903,ERP_SKU
M3ED440LL/A,IPH202401,128GB / Pink,Premium,2024-09-20,Y,2026-04-17 15:11:39.205904,ERP_SKU
M199387LL/A,IPH202401,128GB / Teal,Premium,2024-09-20,Y,2026-04-17 15:11:39.205906,ERP_SKU
M0DEE0CLL/A,IPH202401,128GB / Ultramarine,Premium,2024-09-20,Y,2026-04-17 15:11:39.205907,ERP_SKU
MCFDD30LL/A,IPH202401,256GB / Black,Premium,2024-09-20,Y,2026-04-17 15:11:39.205908,ERP_SKU
MF1EA7BLL/A,IPH202401,256GB / White,Premium,2024-09-20,Y,2026-04-17 15:11:39.205909,ERP_SKU
M017E81LL/A,IPH202401,256GB / Pink,Premium,2024-09-20,Y,2026-04-17 15:11:39.205911,ERP_SKU
MDEBBEALL/A,IPH202401,256GB / Teal,Premium,2024-09-20,Y,2026-04-17 15:11:39.205912,ERP_SKU
M206E00LL/A,IPH202401,256GB / Ultramarine,Premium,2024-09-20,Y,2026-04-17 15:11:39.205913,ERP_SKU
MBF5C4FLL/A,IPH202401,512GB / Black,Premium,2024-09-20,Y,2026-04-17 15:11:39.205914,ERP_SKU
M6B4B49LL/A,IPH202401,512GB / White,Premium,2024-09-20,Y,2026-04-17 15:11:39.205915,ERP_SKU
M4F969CLL/A,IPH202401,512GB / Pink,Premium,2024-09-20,Y,2026-04-17 15:11:39.205916,ERP_SKU
M343E58LL/A,IPH202401,512GB / Teal,Premium,2024-09-20,Y,2026-04-17 15:11:39.205918,ERP_SKU
M229860LL/A,IPH202401,512GB / Ultramarine,Premium,2024-09-20,Y,2026-04-17 15:11:39.205919,ERP_SKU
M0F173BLL/A,IPH202402,128GB / Black,Premium,2024-09-20,Y,2026-04-17 15:11:39.208386,ERP_SKU
M57AA4CLL/A,IPH202402,128GB / White,Premium,2024-09-20,Y,2026-04-17 15:11:39.208388,ERP_SKU
MFBA06DLL/A,IPH202402,128GB / Pink,Premium,2024-09-20,Y,2026-04-17 15:11:39.208390,ERP_SKU
M6ACF66LL/A,IPH202402,128GB / Teal,Premium,2024-09-20,Y,2026-04-17 15:11:39.208391,ERP_SKU
M71C23CLL/A,IPH202402,128GB / Ultramarine,Premium,2024-09-20,Y,2026-04-17 15:11:39.208392,ERP_SKU
M6B7BCBLL/A,IPH202402,256GB / Black,Premium,2024-09-20,Y,2026-04-17 15:11:39.208394,ERP_SKU
ME4A85DLL/A,IPH202402,256GB / White,Premium,2024-09-20,Y,2026-04-17 15:11:39.208395,ERP_SKU
M4215D1LL/A,IPH202402,256GB / Pink,Premium,2024-09-20,Y,2026-04-17 15:11:39.208396,ERP_SKU
MB0B416LL/A,IPH202402,256GB / Teal,Premium,2024-09-20,Y,2026-04-17 15:11:39.208397,ERP_SKU
MEF353CLL/A,IPH202402,256GB / Ultramarine,Premium,2024-09-20,Y,2026-04-17 15:11:39.208398,ERP_SKU
ME3666BLL/A,IPH202402,512GB / Black,Premium,2024-09-20,Y,2026-04-17 15:11:39.208400,ERP_SKU
MBA436ALL/A,IPH202402,512GB / White,Premium,2024-09-20,Y,2026-04-17 15:11:39.208401,ERP_SKU
MABE30DLL/A,IPH202402,512GB / Pink,Premium,2024-09-20,Y,2026-04-17 15:11:39.208402,ERP_SKU
M06E696LL/A,IPH202402,512GB / Teal,Premium,2024-09-20,Y,2026-04-17 15:11:39.208403,ERP_SKU
MF782A6LL/A,IPH202402,512GB / Ultramarine,Premium,2024-09-20,Y,2026-04-17 15:11:39.208404,ERP_SKU
M449B37LL/A,IPH202403,256GB / Black Titanium,Ultra,2024-09-20,Y,2026-04-17 15:11:39.210898,ERP_SKU
M3CCFBALL/A,IPH202403,256GB / White Titanium,Ultra,2024-09-20,Y,2026-04-17 15:11:39.210900,ERP_SKU
M9F6416LL/A,IPH202403,256GB / Desert Titanium,Ultra,2024-09-20,Y,2026-04-17 15:11:39.210901,ERP_SKU
M271373LL/A,IPH202403,256GB / Natural Titanium,Ultra,2024-09-20,Y,2026-04-17 15:11:39.210903,ERP_SKU
M85DA02LL/A,IPH202403,512GB / Black Titanium,Ultra,2024-09-20,Y,2026-04-17 15:11:39.210904,ERP_SKU
M2D384ALL/A,IPH202403,512GB / White Titanium,Ultra,2024-09-20,Y,2026-04-17 15:11:39.210905,ERP_SKU
MD3BCFELL/A,IPH202403,512GB / Desert Titanium,Ultra,2024-09-20,Y,2026-04-17 15:11:39.210906,ERP_SKU
MB3B54ALL/A,IPH202403,512GB / Natural Titanium,Ultra,2024-09-20,Y,2026-04-17 15:11:39.210908,ERP_SKU
M983D0FLL/A,IPH202403,1TB / Black Titanium,Ultra,2024-09-20,Y,2026-04-17 15:11:39.210909,ERP_SKU
M8CA637LL/A,IPH202403,1TB / White Titanium,Ultra,2024-09-20,Y,2026-04-17 15:11:39.210910,ERP_SKU
M1B39B9LL/A,IPH202403,1TB / Desert Titanium,Ultra,2024-09-20,Y,2026-04-17 15:11:39.210912,ERP_SKU
MBFAAE2LL/A,IPH202403,1TB / Natural Titanium,Ultra,2024-09-20,Y,2026-04-17 15:11:39.210913,ERP_SKU
MA93E8FLL/A,IPH202404,256GB / Black Titanium,Ultra,2024-09-20,Y,2026-04-17 15:11:39.212987,ERP_SKU
MAC8F33LL/A,IPH202404,256GB / White Titanium,Ultra,2024-09-20,Y,2026-04-17 15:11:39.212988,ERP_SKU
M971E78LL/A,IPH202404,256GB / Desert Titanium,Ultra,2024-09-20,Y,2026-04-17 15:11:39.212994,ERP_SKU
MF04033LL/A,IPH202404,256GB / Natural Titanium,Ultra,2024-09-20,Y,2026-04-17 15:11:39.212995,ERP_SKU
M81D7ADLL/A,IPH202404,512GB / Black Titanium,Ultra,2024-09-20,Y,2026-04-17 15:11:39.212996,ERP_SKU
M6937C4LL/A,IPH202404,512GB / White Titanium,Ultra,2024-09-20,Y,2026-04-17 15:11:39.212997,ERP_SKU
M4BA987LL/A,IPH202404,512GB / Desert Titanium,Ultra,2024-09-20,Y,2026-04-17 15:11:39.212999,ERP_SKU
MFF3639LL/A,IPH202404,512GB / Natural Titanium,Ultra,2024-09-20,Y,2026-04-17 15:11:39.213000,ERP_SKU
MEA6A01LL/A,IPH202404,1TB / Black Titanium,Ultra,2024-09-20,Y,2026-04-17 15:11:39.213001,ERP_SKU
MF164F3LL/A,IPH202404,1TB / White Titanium,Ultra,2024-09-20,Y,2026-04-17 15:11:39.213002,ERP_SKU
ME6D45BLL/A,IPH202404,1TB / Desert Titanium,Ultra,2024-09-20,Y,2026-04-17 15:11:39.213004,ERP_SKU
M06048DLL/A,IPH202404,1TB / Natural Titanium,Ultra,2024-09-20,Y,2026-04-17 15:11:39.213005,ERP_SKU
MA5A2A6LL/A,IPD201901,64GB / Blue,Standard,2019-09-25,Y,2026-04-17 15:11:39.214951,ERP_SKU
M254F50LL/A,IPD201901,64GB / Pink,Standard,2019-09-25,Y,2026-04-17 15:11:39.214952,ERP_SKU
M11545ELL/A,IPD201901,64GB / Silver,Standard,2019-09-25,Y,2026-04-17 15:11:39.214953,ERP_SKU
MC7FDA7LL/A,IPD201901,64GB / Yellow,Standard,2019-09-25,Y,2026-04-17 15:11:39.214955,ERP_SKU
M0E5F27LL/A,IPD201901,256GB / Blue,Standard,2019-09-25,Y,2026-04-17 15:11:39.214958,ERP_SKU
M159997LL/A,IPD201901,256GB / Pink,Standard,2019-09-25,Y,2026-04-17 15:11:39.214959,ERP_SKU
M015F27LL/A,IPD201901,256GB / Silver,Standard,2019-09-25,Y,2026-04-17 15:11:39.214960,ERP_SKU
M6A94D1LL/A,IPD201901,256GB / Yellow,Standard,2019-09-25,Y,2026-04-17 15:11:39.214961,ERP_SKU
MAFD7C5LL/A,IPD201902,64GB / Blue,Standard,2019-03-18,Y,2026-04-17 15:11:39.216213,ERP_SKU
M41011BLL/A,IPD201902,64GB / Pink,Standard,2019-03-18,Y,2026-04-17 15:11:39.216214,ERP_SKU
ME13B2CLL/A,IPD201902,64GB / Silver,Standard,2019-03-18,Y,2026-04-17 15:11:39.216215,ERP_SKU
MA656F7LL/A,IPD201902,64GB / Yellow,Standard,2019-03-18,Y,2026-04-17 15:11:39.216216,ERP_SKU
M01F3FFLL/A,IPD201902,256GB / Blue,Standard,2019-03-18,Y,2026-04-17 15:11:39.216218,ERP_SKU
MD1987FLL/A,IPD201902,256GB / Pink,Standard,2019-03-18,Y,2026-04-17 15:11:39.216219,ERP_SKU
MF967CALL/A,IPD201902,256GB / Silver,Standard,2019-03-18,Y,2026-04-17 15:11:39.216220,ERP_SKU
MB1622BLL/A,IPD201902,256GB / Yellow,Standard,2019-03-18,Y,2026-04-17 15:11:39.216221,ERP_SKU
M526EADLL/A,IPD201903,128GB / Blue,Premium,2019-03-18,Y,2026-04-17 15:11:39.217468,ERP_SKU
M209250LL/A,IPD201903,128GB / Purple,Premium,2019-03-18,Y,2026-04-17 15:11:39.217470,ERP_SKU
M040D08LL/A,IPD201903,128GB / Starlight,Premium,2019-03-18,Y,2026-04-17 15:11:39.217471,ERP_SKU
M3D3735LL/A,IPD201903,128GB / Space Gray,Premium,2019-03-18,Y,2026-04-17 15:11:39.217472,ERP_SKU
M09C1B5LL/A,IPD201903,256GB / Blue,Premium,2019-03-18,Y,2026-04-17 15:11:39.217473,ERP_SKU
M06E81CLL/A,IPD201903,256GB / Purple,Premium,2019-03-18,Y,2026-04-17 15:11:39.217474,ERP_SKU
MF6B64DLL/A,IPD201903,256GB / Starlight,Premium,2019-03-18,Y,2026-04-17 15:11:39.217476,ERP_SKU
M7AB303LL/A,IPD201903,256GB / Space Gray,Premium,2019-03-18,Y,2026-04-17 15:11:39.217477,ERP_SKU
M26F327LL/A,IPD201904,256GB / Space Gray,Ultra,2019-03-18,Y,2026-04-17 15:11:39.218721,ERP_SKU
MEB16D5LL/A,IPD201904,256GB / Silver,Ultra,2019-03-18,Y,2026-04-17 15:11:39.218722,ERP_SKU
M764CD6LL/A,IPD201904,512GB / Space Gray,Ultra,2019-03-18,Y,2026-04-17 15:11:39.218724,ERP_SKU
MBC6A59LL/A,IPD201904,512GB / Silver,Ultra,2019-03-18,Y,2026-04-17 15:11:39.218725,ERP_SKU
MF09668LL/A,IPD201904,1TB / Space Gray,Ultra,2019-03-18,Y,2026-04-17 15:11:39.218726,ERP_SKU
MF3E03BLL/A,IPD201904,1TB / Silver,Ultra,2019-03-18,Y,2026-04-17 15:11:39.218727,ERP_SKU
MF4E44DLL/A,IPD201904,2TB / Space Gray,Ultra,2019-03-18,Y,2026-04-17 15:11:39.218729,ERP_SKU
M03DCDELL/A,IPD201904,2TB / Silver,Ultra,2019-03-18,Y,2026-04-17 15:11:39.218730,ERP_SKU
MFD267BLL/A,IPD201905,256GB / Space Gray,Ultra,2019-03-18,Y,2026-04-17 15:11:39.219995,ERP_SKU
MC49F57LL/A,IPD201905,256GB / Silver,Ultra,2019-03-18,Y,2026-04-17 15:11:39.219996,ERP_SKU
MEE46FFLL/A,IPD201905,512GB / Space Gray,Ultra,2019-03-18,Y,2026-04-17 15:11:39.219997,ERP_SKU
MEA2F10LL/A,IPD201905,512GB / Silver,Ultra,2019-03-18,Y,2026-04-17 15:11:39.219998,ERP_SKU
MA15732LL/A,IPD201905,1TB / Space Gray,Ultra,2019-03-18,Y,2026-04-17 15:11:39.220000,ERP_SKU
MFF4DA9LL/A,IPD201905,1TB / Silver,Ultra,2019-03-18,Y,2026-04-17 15:11:39.220001,ERP_SKU
MD78612LL/A,IPD201905,2TB / Space Gray,Ultra,2019-03-18,Y,2026-04-17 15:11:39.220002,ERP_SKU
M5F4198LL/A,IPD201905,2TB / Silver,Ultra,2019-03-18,Y,2026-04-17 15:11:39.220003,ERP_SKU
M15DB00LL/A,IPD202001,64GB / Blue,Standard,2020-09-18,Y,2026-04-17 15:11:39.221262,ERP_SKU
M1CAC72LL/A,IPD202001,64GB / Pink,Standard,2020-09-18,Y,2026-04-17 15:11:39.221263,ERP_SKU
M5597B8LL/A,IPD202001,64GB / Silver,Standard,2020-09-18,Y,2026-04-17 15:11:39.221264,ERP_SKU
M6C095ELL/A,IPD202001,64GB / Yellow,Standard,2020-09-18,Y,2026-04-17 15:11:39.221266,ERP_SKU
M13AA8ELL/A,IPD202001,256GB / Blue,Standard,2020-09-18,Y,2026-04-17 15:11:39.221267,ERP_SKU
MABA5AALL/A,IPD202001,256GB / Pink,Standard,2020-09-18,Y,2026-04-17 15:11:39.221268,ERP_SKU
M6ED064LL/A,IPD202001,256GB / Silver,Standard,2020-09-18,Y,2026-04-17 15:11:39.221269,ERP_SKU
M3137D8LL/A,IPD202001,256GB / Yellow,Standard,2020-09-18,Y,2026-04-17 15:11:39.221270,ERP_SKU
M7B5F40LL/A,IPD202002,128GB / Blue,Premium,2020-10-23,Y,2026-04-17 15:11:39.222565,ERP_SKU
MF344DELL/A,IPD202002,128GB / Purple,Premium,2020-10-23,Y,2026-04-17 15:11:39.222567,ERP_SKU
M74BDA8LL/A,IPD202002,128GB / Starlight,Premium,2020-10-23,Y,2026-04-17 15:11:39.222569,ERP_SKU
M9F9805LL/A,IPD202002,128GB / Space Gray,Premium,2020-10-23,Y,2026-04-17 15:11:39.222570,ERP_SKU
MF9D6F8LL/A,IPD202002,256GB / Blue,Premium,2020-10-23,Y,2026-04-17 15:11:39.222571,ERP_SKU
M40F0AELL/A,IPD202002,256GB / Purple,Premium,2020-10-23,Y,2026-04-17 15:11:39.222573,ERP_SKU
M7C3365LL/A,IPD202002,256GB / Starlight,Premium,2020-10-23,Y,2026-04-17 15:11:39.222574,ERP_SKU
M3D08F6LL/A,IPD202002,256GB / Space Gray,Premium,2020-10-23,Y,2026-04-17 15:11:39.222575,ERP_SKU
M863A7DLL/A,IPD202003,256GB / Space Gray,Ultra,2020-03-25,Y,2026-04-17 15:11:39.223929,ERP_SKU
M19BAF6LL/A,IPD202003,256GB / Silver,Ultra,2020-03-25,Y,2026-04-17 15:11:39.223930,ERP_SKU
MF196D7LL/A,IPD202003,512GB / Space Gray,Ultra,2020-03-25,Y,2026-04-17 15:11:39.223932,ERP_SKU
MC035E1LL/A,IPD202003,512GB / Silver,Ultra,2020-03-25,Y,2026-04-17 15:11:39.223933,ERP_SKU
M5611BCLL/A,IPD202003,1TB / Space Gray,Ultra,2020-03-25,Y,2026-04-17 15:11:39.223934,ERP_SKU
M8DFE2CLL/A,IPD202003,1TB / Silver,Ultra,2020-03-25,Y,2026-04-17 15:11:39.223935,ERP_SKU
M05019ALL/A,IPD202003,2TB / Space Gray,Ultra,2020-03-25,Y,2026-04-17 15:11:39.223937,ERP_SKU
MF5516FLL/A,IPD202003,2TB / Silver,Ultra,2020-03-25,Y,2026-04-17 15:11:39.223938,ERP_SKU
MF23E77LL/A,IPD202004,256GB / Space Gray,Ultra,2020-03-25,Y,2026-04-17 15:11:39.225231,ERP_SKU
M2067DCLL/A,IPD202004,256GB / Silver,Ultra,2020-03-25,Y,2026-04-17 15:11:39.225233,ERP_SKU
ME0A8B4LL/A,IPD202004,512GB / Space Gray,Ultra,2020-03-25,Y,2026-04-17 15:11:39.225234,ERP_SKU
MCD1932LL/A,IPD202004,512GB / Silver,Ultra,2020-03-25,Y,2026-04-17 15:11:39.225235,ERP_SKU
M9A3B51LL/A,IPD202004,1TB / Space Gray,Ultra,2020-03-25,Y,2026-04-17 15:11:39.225237,ERP_SKU
MC195B0LL/A,IPD202004,1TB / Silver,Ultra,2020-03-25,Y,2026-04-17 15:11:39.225238,ERP_SKU
MC2B066LL/A,IPD202004,2TB / Space Gray,Ultra,2020-03-25,Y,2026-04-17 15:11:39.225239,ERP_SKU
M3909D3LL/A,IPD202004,2TB / Silver,Ultra,2020-03-25,Y,2026-04-17 15:11:39.225240,ERP_SKU
M9D142FLL/A,IPD202101,64GB / Blue,Standard,2021-09-24,Y,2026-04-17 15:11:39.226536,ERP_SKU
M01E01DLL/A,IPD202101,64GB / Pink,Standard,2021-09-24,Y,2026-04-17 15:11:39.226538,ERP_SKU
MDC1EBDLL/A,IPD202101,64GB / Silver,Standard,2021-09-24,Y,2026-04-17 15:11:39.226539,ERP_SKU
MA91CC0LL/A,IPD202101,64GB / Yellow,Standard,2021-09-24,Y,2026-04-17 15:11:39.226542,ERP_SKU
M9364A6LL/A,IPD202101,256GB / Blue,Standard,2021-09-24,Y,2026-04-17 15:11:39.226543,ERP_SKU
MF67121LL/A,IPD202101,256GB / Pink,Standard,2021-09-24,Y,2026-04-17 15:11:39.226544,ERP_SKU
M1E546ELL/A,IPD202101,256GB / Silver,Standard,2021-09-24,Y,2026-04-17 15:11:39.226546,ERP_SKU
M1F8D08LL/A,IPD202101,256GB / Yellow,Standard,2021-09-24,Y,2026-04-17 15:11:39.226547,ERP_SKU
M508EACLL/A,IPD202102,64GB / Blue,Standard,2021-09-24,Y,2026-04-17 15:11:39.227814,ERP_SKU
M868777LL/A,IPD202102,64GB / Pink,Standard,2021-09-24,Y,2026-04-17 15:11:39.227815,ERP_SKU
M87D1F3LL/A,IPD202102,64GB / Silver,Standard,2021-09-24,Y,2026-04-17 15:11:39.227816,ERP_SKU
MC75960LL/A,IPD202102,64GB / Yellow,Standard,2021-09-24,Y,2026-04-17 15:11:39.227818,ERP_SKU
MD57812LL/A,IPD202102,256GB / Blue,Standard,2021-09-24,Y,2026-04-17 15:11:39.227821,ERP_SKU
M82A267LL/A,IPD202102,256GB / Pink,Standard,2021-09-24,Y,2026-04-17 15:11:39.227822,ERP_SKU
MDF3443LL/A,IPD202102,256GB / Silver,Standard,2021-09-24,Y,2026-04-17 15:11:39.227823,ERP_SKU
M7E3E71LL/A,IPD202102,256GB / Yellow,Standard,2021-09-24,Y,2026-04-17 15:11:39.227824,ERP_SKU
MD02F26LL/A,IPD202103,256GB / Space Gray,Ultra,2021-04-30,Y,2026-04-17 15:11:39.229082,ERP_SKU
M278DF6LL/A,IPD202103,256GB / Silver,Ultra,2021-04-30,Y,2026-04-17 15:11:39.229083,ERP_SKU
M2CB215LL/A,IPD202103,512GB / Space Gray,Ultra,2021-04-30,Y,2026-04-17 15:11:39.229084,ERP_SKU
M34AF74LL/A,IPD202103,512GB / Silver,Ultra,2021-04-30,Y,2026-04-17 15:11:39.229085,ERP_SKU
MFC0247LL/A,IPD202103,1TB / Space Gray,Ultra,2021-04-30,Y,2026-04-17 15:11:39.229087,ERP_SKU
MF8349FLL/A,IPD202103,1TB / Silver,Ultra,2021-04-30,Y,2026-04-17 15:11:39.229088,ERP_SKU
M3A72ABLL/A,IPD202103,2TB / Space Gray,Ultra,2021-04-30,Y,2026-04-17 15:11:39.229089,ERP_SKU
M894F32LL/A,IPD202103,2TB / Silver,Ultra,2021-04-30,Y,2026-04-17 15:11:39.229090,ERP_SKU
MEA99DBLL/A,IPD202104,256GB / Space Gray,Ultra,2021-04-30,Y,2026-04-17 15:11:39.230340,ERP_SKU
M648789LL/A,IPD202104,256GB / Silver,Ultra,2021-04-30,Y,2026-04-17 15:11:39.230341,ERP_SKU
MBFBE03LL/A,IPD202104,512GB / Space Gray,Ultra,2021-04-30,Y,2026-04-17 15:11:39.230342,ERP_SKU
MF495E2LL/A,IPD202104,512GB / Silver,Ultra,2021-04-30,Y,2026-04-17 15:11:39.230343,ERP_SKU
M35BB3FLL/A,IPD202104,1TB / Space Gray,Ultra,2021-04-30,Y,2026-04-17 15:11:39.230345,ERP_SKU
M63A7C0LL/A,IPD202104,1TB / Silver,Ultra,2021-04-30,Y,2026-04-17 15:11:39.230346,ERP_SKU
MAD6EC5LL/A,IPD202104,2TB / Space Gray,Ultra,2021-04-30,Y,2026-04-17 15:11:39.230347,ERP_SKU
M736B9DLL/A,IPD202104,2TB / Silver,Ultra,2021-04-30,Y,2026-04-17 15:11:39.230348,ERP_SKU
M15A02FLL/A,IPD202201,64GB / Blue,Standard,2022-10-26,Y,2026-04-17 15:11:39.231590,ERP_SKU
M21300ELL/A,IPD202201,64GB / Pink,Standard,2022-10-26,Y,2026-04-17 15:11:39.231591,ERP_SKU
MCE50BFLL/A,IPD202201,64GB / Silver,Standard,2022-10-26,Y,2026-04-17 15:11:39.231593,ERP_SKU
M4721ABLL/A,IPD202201,64GB / Yellow,Standard,2022-10-26,Y,2026-04-17 15:11:39.231594,ERP_SKU
M828728LL/A,IPD202201,256GB / Blue,Standard,2022-10-26,Y,2026-04-17 15:11:39.231595,ERP_SKU
M548979LL/A,IPD202201,256GB / Pink,Standard,2022-10-26,Y,2026-04-17 15:11:39.231596,ERP_SKU
MCA4A6FLL/A,IPD202201,256GB / Silver,Standard,2022-10-26,Y,2026-04-17 15:11:39.231598,ERP_SKU
M6F29CALL/A,IPD202201,256GB / Yellow,Standard,2022-10-26,Y,2026-04-17 15:11:39.231599,ERP_SKU
MF51CFFLL/A,IPD202202,128GB / Blue,Premium,2022-03-18,Y,2026-04-17 15:11:39.232865,ERP_SKU
M3FC776LL/A,IPD202202,128GB / Purple,Premium,2022-03-18,Y,2026-04-17 15:11:39.232867,ERP_SKU
M08F08FLL/A,IPD202202,128GB / Starlight,Premium,2022-03-18,Y,2026-04-17 15:11:39.232868,ERP_SKU
M2DACC0LL/A,IPD202202,128GB / Space Gray,Premium,2022-03-18,Y,2026-04-17 15:11:39.232869,ERP_SKU
M6DB8BALL/A,IPD202202,256GB / Blue,Premium,2022-03-18,Y,2026-04-17 15:11:39.232870,ERP_SKU
MB9D21CLL/A,IPD202202,256GB / Purple,Premium,2022-03-18,Y,2026-04-17 15:11:39.232872,ERP_SKU
M4E3DC9LL/A,IPD202202,256GB / Starlight,Premium,2022-03-18,Y,2026-04-17 15:11:39.232873,ERP_SKU
MFD920BLL/A,IPD202202,256GB / Space Gray,Premium,2022-03-18,Y,2026-04-17 15:11:39.232874,ERP_SKU
M2C9A35LL/A,IPD202203,256GB / Space Gray,Ultra,2022-10-26,Y,2026-04-17 15:11:39.234174,ERP_SKU
MB88DC0LL/A,IPD202203,256GB / Silver,Ultra,2022-10-26,Y,2026-04-17 15:11:39.234175,ERP_SKU
MEC1ED6LL/A,IPD202203,512GB / Space Gray,Ultra,2022-10-26,Y,2026-04-17 15:11:39.234176,ERP_SKU
MB1AF5CLL/A,IPD202203,512GB / Silver,Ultra,2022-10-26,Y,2026-04-17 15:11:39.234178,ERP_SKU
M534443LL/A,IPD202203,1TB / Space Gray,Ultra,2022-10-26,Y,2026-04-17 15:11:39.234179,ERP_SKU
M96D8B4LL/A,IPD202203,1TB / Silver,Ultra,2022-10-26,Y,2026-04-17 15:11:39.234180,ERP_SKU
M66FF1DLL/A,IPD202203,2TB / Space Gray,Ultra,2022-10-26,Y,2026-04-17 15:11:39.234181,ERP_SKU
M544B8ALL/A,IPD202203,2TB / Silver,Ultra,2022-10-26,Y,2026-04-17 15:11:39.234184,ERP_SKU
M093B2DLL/A,IPD202204,256GB / Space Gray,Ultra,2022-10-26,Y,2026-04-17 15:11:39.235437,ERP_SKU
M4412C2LL/A,IPD202204,256GB / Silver,Ultra,2022-10-26,Y,2026-04-17 15:11:39.235438,ERP_SKU
M038751LL/A,IPD202204,512GB / Space Gray,Ultra,2022-10-26,Y,2026-04-17 15:11:39.235440,ERP_SKU
M1443E9LL/A,IPD202204,512GB / Silver,Ultra,2022-10-26,Y,2026-04-17 15:11:39.235441,ERP_SKU
M3D5CCCLL/A,IPD202204,1TB / Space Gray,Ultra,2022-10-26,Y,2026-04-17 15:11:39.235442,ERP_SKU
MF401A0LL/A,IPD202204,1TB / Silver,Ultra,2022-10-26,Y,2026-04-17 15:11:39.235443,ERP_SKU
M70BE18LL/A,IPD202204,2TB / Space Gray,Ultra,2022-10-26,Y,2026-04-17 15:11:39.235445,ERP_SKU
MBDD764LL/A,IPD202204,2TB / Silver,Ultra,2022-10-26,Y,2026-04-17 15:11:39.235450,ERP_SKU
MB2E753LL/A,IPD202401,64GB / Blue,Standard,2024-10-23,Y,2026-04-17 15:11:39.236700,ERP_SKU
M6BD8B8LL/A,IPD202401,64GB / Pink,Standard,2024-10-23,Y,2026-04-17 15:11:39.236701,ERP_SKU
M10A105LL/A,IPD202401,64GB / Silver,Standard,2024-10-23,Y,2026-04-17 15:11:39.236703,ERP_SKU
M3D8367LL/A,IPD202401,64GB / Yellow,Standard,2024-10-23,Y,2026-04-17 15:11:39.236704,ERP_SKU
M2AD173LL/A,IPD202401,256GB / Blue,Standard,2024-10-23,Y,2026-04-17 15:11:39.236705,ERP_SKU
M07D846LL/A,IPD202401,256GB / Pink,Standard,2024-10-23,Y,2026-04-17 15:11:39.236706,ERP_SKU
M221C4ALL/A,IPD202401,256GB / Silver,Standard,2024-10-23,Y,2026-04-17 15:11:39.236708,ERP_SKU
M9501B5LL/A,IPD202401,256GB / Yellow,Standard,2024-10-23,Y,2026-04-17 15:11:39.236709,ERP_SKU
M44335CLL/A,IPD202402,128GB / Blue,Premium,2024-03-08,Y,2026-04-17 15:11:39.237951,ERP_SKU
M1BD425LL/A,IPD202402,128GB / Purple,Premium,2024-03-08,Y,2026-04-17 15:11:39.237952,ERP_SKU
M4AF9F9LL/A,IPD202402,128GB / Starlight,Premium,2024-03-08,Y,2026-04-17 15:11:39.237953,ERP_SKU
MC8271CLL/A,IPD202402,128GB / Space Gray,Premium,2024-03-08,Y,2026-04-17 15:11:39.237954,ERP_SKU
M689D5DLL/A,IPD202402,256GB / Blue,Premium,2024-03-08,Y,2026-04-17 15:11:39.237956,ERP_SKU
MBADA0DLL/A,IPD202402,256GB / Purple,Premium,2024-03-08,Y,2026-04-17 15:11:39.237957,ERP_SKU
MACD9D1LL/A,IPD202402,256GB / Starlight,Premium,2024-03-08,Y,2026-04-17 15:11:39.237958,ERP_SKU
M7DEA9FLL/A,IPD202402,256GB / Space Gray,Premium,2024-03-08,Y,2026-04-17 15:11:39.237959,ERP_SKU
M159A12LL/A,IPD202403,256GB / Space Gray,Ultra,2024-05-15,Y,2026-04-17 15:11:39.239209,ERP_SKU
MF60566LL/A,IPD202403,256GB / Silver,Ultra,2024-05-15,Y,2026-04-17 15:11:39.239210,ERP_SKU
M2838C5LL/A,IPD202403,512GB / Space Gray,Ultra,2024-05-15,Y,2026-04-17 15:11:39.239211,ERP_SKU
M2A5A78LL/A,IPD202403,512GB / Silver,Ultra,2024-05-15,Y,2026-04-17 15:11:39.239212,ERP_SKU
M2A12ABLL/A,IPD202403,1TB / Space Gray,Ultra,2024-05-15,Y,2026-04-17 15:11:39.239214,ERP_SKU
MDB402ELL/A,IPD202403,1TB / Silver,Ultra,2024-05-15,Y,2026-04-17 15:11:39.239215,ERP_SKU
M3C9668LL/A,IPD202403,2TB / Space Gray,Ultra,2024-05-15,Y,2026-04-17 15:11:39.239216,ERP_SKU
M8D902ALL/A,IPD202403,2TB / Silver,Ultra,2024-05-15,Y,2026-04-17 15:11:39.239217,ERP_SKU
M3AFB3CLL/A,IPD202404,256GB / Space Gray,Ultra,2024-05-15,Y,2026-04-17 15:11:39.240449,ERP_SKU
M0D075ALL/A,IPD202404,256GB / Silver,Ultra,2024-05-15,Y,2026-04-17 15:11:39.240451,ERP_SKU
MF9B479LL/A,IPD202404,512GB / Space Gray,Ultra,2024-05-15,Y,2026-04-17 15:11:39.240452,ERP_SKU
M41A564LL/A,IPD202404,512GB / Silver,Ultra,2024-05-15,Y,2026-04-17 15:11:39.240453,ERP_SKU
M4A25F9LL/A,IPD202404,1TB / Space Gray,Ultra,2024-05-15,Y,2026-04-17 15:11:39.240454,ERP_SKU
M5D99C9LL/A,IPD202404,1TB / Silver,Ultra,2024-05-15,Y,2026-04-17 15:11:39.240457,ERP_SKU
MAF0FCBLL/A,IPD202404,2TB / Space Gray,Ultra,2024-05-15,Y,2026-04-17 15:11:39.240458,ERP_SKU
M16C657LL/A,IPD202404,2TB / Silver,Ultra,2024-05-15,Y,2026-04-17 15:11:39.240460,ERP_SKU
M3C58FELL/A,MAC201901,8GB/256GB SSD,Premium,2019-03-19,Y,2026-04-17 15:11:39.241716,ERP_SKU
M15E0B2LL/A,MAC201901,16GB/512GB SSD,Premium,2019-03-19,Y,2026-04-17 15:11:39.241718,ERP_SKU
M86FB90LL/A,MAC201901,16GB/1TB SSD,Premium,2019-03-19,Y,2026-04-17 15:11:39.241719,ERP_SKU
M1A8478LL/A,MAC201902,8GB/256GB SSD,Premium,2019-07-09,Y,2026-04-17 15:11:39.242245,ERP_SKU
MEDEDECLL/A,MAC201902,16GB/512GB SSD,Premium,2019-07-09,Y,2026-04-17 15:11:39.242246,ERP_SKU
M8C999FLL/A,MAC201902,16GB/1TB SSD,Premium,2019-07-09,Y,2026-04-17 15:11:39.242247,ERP_SKU
M8BAAE5LL/A,MAC201903,8GB/256GB SSD,Premium,2019-11-13,Y,2026-04-17 15:11:39.242718,ERP_SKU
MA6DA3BLL/A,MAC201903,16GB/512GB SSD,Premium,2019-11-13,Y,2026-04-17 15:11:39.242719,ERP_SKU
M104C11LL/A,MAC201903,16GB/1TB SSD,Premium,2019-11-13,Y,2026-04-17 15:11:39.242720,ERP_SKU
M4E778BLL/A,MAC201904,192GB/1TB SSD,Ultra,2019-12-10,Y,2026-04-17 15:11:39.243208,ERP_SKU
MEAAF50LL/A,MAC201904,192GB/2TB SSD,Ultra,2019-12-10,Y,2026-04-17 15:11:39.243210,ERP_SKU
M8CB9F4LL/A,MAC201904,384GB/4TB SSD,Ultra,2019-12-10,Y,2026-04-17 15:11:39.243211,ERP_SKU
MECC7B6LL/A,MAC201905,8GB/256GB SSD,Premium,2019-03-19,Y,2026-04-17 15:11:39.243728,ERP_SKU
M372A24LL/A,MAC201905,16GB/512GB SSD,Premium,2019-03-19,Y,2026-04-17 15:11:39.243729,ERP_SKU
MB9FBB8LL/A,MAC201905,32GB/1TB SSD,Premium,2019-03-19,Y,2026-04-17 15:11:39.243731,ERP_SKU
MD11968LL/A,MAC202001,8GB/256GB SSD,Premium,2020-11-17,Y,2026-04-17 15:11:39.244211,ERP_SKU
M4DF6B3LL/A,MAC202001,16GB/512GB SSD,Premium,2020-11-17,Y,2026-04-17 15:11:39.244212,ERP_SKU
M808757LL/A,MAC202001,16GB/1TB SSD,Premium,2020-11-17,Y,2026-04-17 15:11:39.244213,ERP_SKU
M4C6BB8LL/A,MAC202002,8GB/256GB SSD,Premium,2020-11-17,Y,2026-04-17 15:11:39.244699,ERP_SKU
MDAEDA8LL/A,MAC202002,16GB/512GB SSD,Premium,2020-11-17,Y,2026-04-17 15:11:39.244701,ERP_SKU
M05E8FFLL/A,MAC202002,16GB/1TB SSD,Premium,2020-11-17,Y,2026-04-17 15:11:39.244702,ERP_SKU
M89E47DLL/A,MAC202003,8GB/256GB SSD,Premium,2020-11-17,Y,2026-04-17 15:11:39.245188,ERP_SKU
M7C9507LL/A,MAC202003,16GB/512GB SSD,Premium,2020-11-17,Y,2026-04-17 15:11:39.245189,ERP_SKU
M837607LL/A,MAC202003,32GB/1TB SSD,Premium,2020-11-17,Y,2026-04-17 15:11:39.245190,ERP_SKU
M33C09BLL/A,MAC202101,8GB/256GB SSD,Premium,2021-05-21,Y,2026-04-17 15:11:39.245693,ERP_SKU
M6B840BLL/A,MAC202101,16GB/512GB SSD,Premium,2021-05-21,Y,2026-04-17 15:11:39.245694,ERP_SKU
MCABC96LL/A,MAC202101,32GB/1TB SSD,Premium,2021-05-21,Y,2026-04-17 15:11:39.245695,ERP_SKU
MFA70F9LL/A,MAC202102,8GB/256GB SSD,Premium,2021-10-26,Y,2026-04-17 15:11:39.246170,ERP_SKU
M0E3D16LL/A,MAC202102,16GB/512GB SSD,Premium,2021-10-26,Y,2026-04-17 15:11:39.246172,ERP_SKU
M4E6787LL/A,MAC202102,16GB/1TB SSD,Premium,2021-10-26,Y,2026-04-17 15:11:39.246173,ERP_SKU
M63E970LL/A,MAC202103,8GB/256GB SSD,Premium,2021-10-26,Y,2026-04-17 15:11:39.246667,ERP_SKU
M327EB5LL/A,MAC202103,16GB/512GB SSD,Premium,2021-10-26,Y,2026-04-17 15:11:39.246668,ERP_SKU
MAC7E34LL/A,MAC202103,16GB/1TB SSD,Premium,2021-10-26,Y,2026-04-17 15:11:39.246669,ERP_SKU
MCA0CE1LL/A,MAC202201,8GB/256GB SSD,Premium,2022-06-24,Y,2026-04-17 15:11:39.247151,ERP_SKU
MBA6F4DLL/A,MAC202201,16GB/512GB SSD,Premium,2022-06-24,Y,2026-04-17 15:11:39.247153,ERP_SKU
MBADCBFLL/A,MAC202201,16GB/1TB SSD,Premium,2022-06-24,Y,2026-04-17 15:11:39.247154,ERP_SKU
M1DBF11LL/A,MAC202202,8GB/256GB SSD,Premium,2022-06-24,Y,2026-04-17 15:11:39.247639,ERP_SKU
MD16E40LL/A,MAC202202,16GB/512GB SSD,Premium,2022-06-24,Y,2026-04-17 15:11:39.247641,ERP_SKU
M044887LL/A,MAC202202,16GB/1TB SSD,Premium,2022-06-24,Y,2026-04-17 15:11:39.247642,ERP_SKU
MAA8E0DLL/A,MAC202203,8GB/256GB SSD,Premium,2022-03-18,Y,2026-04-17 15:11:39.248130,ERP_SKU
M24B3B4LL/A,MAC202203,16GB/512GB SSD,Premium,2022-03-18,Y,2026-04-17 15:11:39.248131,ERP_SKU
M949177LL/A,MAC202203,32GB/1TB SSD,Premium,2022-03-18,Y,2026-04-17 15:11:39.248132,ERP_SKU
MA49C17LL/A,MAC202301,8GB/256GB SSD,Premium,2023-01-24,Y,2026-04-17 15:11:39.248623,ERP_SKU
M64BBD0LL/A,MAC202301,16GB/512GB SSD,Premium,2023-01-24,Y,2026-04-17 15:11:39.248624,ERP_SKU
M16B149LL/A,MAC202301,32GB/1TB SSD,Premium,2023-01-24,Y,2026-04-17 15:11:39.248625,ERP_SKU
MBB320ELL/A,MAC202302,192GB/1TB SSD,Ultra,2023-06-13,Y,2026-04-17 15:11:39.249117,ERP_SKU
M8FBFF0LL/A,MAC202302,192GB/2TB SSD,Ultra,2023-06-13,Y,2026-04-17 15:11:39.249118,ERP_SKU
MA2998ELL/A,MAC202302,384GB/4TB SSD,Ultra,2023-06-13,Y,2026-04-17 15:11:39.249120,ERP_SKU
ME37C2ALL/A,MAC202303,8GB/256GB SSD,Premium,2023-06-13,Y,2026-04-17 15:11:39.249734,ERP_SKU
M464101LL/A,MAC202303,16GB/512GB SSD,Premium,2023-06-13,Y,2026-04-17 15:11:39.249736,ERP_SKU
M24F7F8LL/A,MAC202303,32GB/1TB SSD,Premium,2023-06-13,Y,2026-04-17 15:11:39.249737,ERP_SKU
MC6C655LL/A,MAC202304,8GB/256GB SSD,Premium,2023-11-07,Y,2026-04-17 15:11:39.250208,ERP_SKU
ME3ADF4LL/A,MAC202304,16GB/512GB SSD,Premium,2023-11-07,Y,2026-04-17 15:11:39.250209,ERP_SKU
M97A392LL/A,MAC202304,16GB/1TB SSD,Premium,2023-11-07,Y,2026-04-17 15:11:39.250211,ERP_SKU
M4B264BLL/A,MAC202305,8GB/256GB SSD,Premium,2023-11-07,Y,2026-04-17 15:11:39.250676,ERP_SKU
MF0E94BLL/A,MAC202305,16GB/512GB SSD,Premium,2023-11-07,Y,2026-04-17 15:11:39.250677,ERP_SKU
MB568C4LL/A,MAC202305,16GB/1TB SSD,Premium,2023-11-07,Y,2026-04-17 15:11:39.250678,ERP_SKU
M1C8DBALL/A,MAC202306,8GB/256GB SSD,Premium,2023-11-07,Y,2026-04-17 15:11:39.251174,ERP_SKU
ME8F5D2LL/A,MAC202306,16GB/512GB SSD,Premium,2023-11-07,Y,2026-04-17 15:11:39.251175,ERP_SKU
MC5E6E8LL/A,MAC202306,32GB/1TB SSD,Premium,2023-11-07,Y,2026-04-17 15:11:39.251177,ERP_SKU
M7F3F28LL/A,MAC202401,8GB/256GB SSD,Premium,2024-03-08,Y,2026-04-17 15:11:39.251644,ERP_SKU
MB18F43LL/A,MAC202401,16GB/512GB SSD,Premium,2024-03-08,Y,2026-04-17 15:11:39.251645,ERP_SKU
M47D85FLL/A,MAC202401,16GB/1TB SSD,Premium,2024-03-08,Y,2026-04-17 15:11:39.251646,ERP_SKU
MF76BA3LL/A,MAC202402,8GB/256GB SSD,Premium,2024-03-08,Y,2026-04-17 15:11:39.252156,ERP_SKU
MD7DC36LL/A,MAC202402,16GB/512GB SSD,Premium,2024-03-08,Y,2026-04-17 15:11:39.252157,ERP_SKU
M92EBAELL/A,MAC202402,16GB/1TB SSD,Premium,2024-03-08,Y,2026-04-17 15:11:39.252159,ERP_SKU
MD7EB32LL/A,MAC202403,8GB/256GB SSD,Premium,2024-11-08,Y,2026-04-17 15:11:39.252631,ERP_SKU
M81DDD0LL/A,MAC202403,16GB/512GB SSD,Premium,2024-11-08,Y,2026-04-17 15:11:39.252632,ERP_SKU
M2ECBAFLL/A,MAC202403,32GB/1TB SSD,Premium,2024-11-08,Y,2026-04-17 15:11:39.252633,ERP_SKU
M29A62DLL/A,MAC202404,8GB/256GB SSD,Premium,2024-11-08,Y,2026-04-17 15:11:39.253094,ERP_SKU
M152979LL/A,MAC202404,16GB/512GB SSD,Premium,2024-11-08,Y,2026-04-17 15:11:39.253095,ERP_SKU
M32FB76LL/A,MAC202404,32GB/1TB SSD,Premium,2024-11-08,Y,2026-04-17 15:11:39.253096,ERP_SKU
M4A4459LL/A,MAC202405,8GB/256GB SSD,Premium,2024-11-08,Y,2026-04-17 15:11:39.253572,ERP_SKU
M1816FFLL/A,MAC202405,16GB/512GB SSD,Premium,2024-11-08,Y,2026-04-17 15:11:39.253573,ERP_SKU
MB10786LL/A,MAC202405,16GB/1TB SSD,Premium,2024-11-08,Y,2026-04-17 15:11:39.253574,ERP_SKU
M8F00D9LL/A,MAC202406,8GB/256GB SSD,Premium,2024-11-08,Y,2026-04-17 15:11:39.254042,ERP_SKU
MA2715DLL/A,MAC202406,16GB/512GB SSD,Premium,2024-11-08,Y,2026-04-17 15:11:39.254044,ERP_SKU
M6D0930LL/A,MAC202406,16GB/1TB SSD,Premium,2024-11-08,Y,2026-04-17 15:11:39.254045,ERP_SKU
M998870LL/A,WCH201901,41mm Aluminum,Premium,2019-09-20,Y,2026-04-17 15:11:39.254520,ERP_SKU
M4D7861LL/A,WCH201901,41mm Stainless Steel,Ultra,2019-09-20,Y,2026-04-17 15:11:39.254522,ERP_SKU
M085B9FLL/A,WCH201901,45mm Aluminum,Premium,2019-09-20,Y,2026-04-17 15:11:39.254523,ERP_SKU
MAEF483LL/A,WCH201901,45mm Stainless Steel,Ultra,2019-09-20,Y,2026-04-17 15:11:39.254525,ERP_SKU
M10AEC6LL/A,WCH202001,41mm Aluminum,Premium,2020-09-18,Y,2026-04-17 15:11:39.255149,ERP_SKU
MB84D6ALL/A,WCH202001,41mm Stainless Steel,Ultra,2020-09-18,Y,2026-04-17 15:11:39.255150,ERP_SKU
M5AA84DLL/A,WCH202001,45mm Aluminum,Premium,2020-09-18,Y,2026-04-17 15:11:39.255151,ERP_SKU
M0018F0LL/A,WCH202001,45mm Stainless Steel,Ultra,2020-09-18,Y,2026-04-17 15:11:39.255153,ERP_SKU
MC19169LL/A,WCH202002,40mm Aluminum,Standard,2020-09-18,Y,2026-04-17 15:11:39.255985,ERP_SKU
M57EA02LL/A,WCH202002,40mm Stainless Steel,Ultra,2020-09-18,Y,2026-04-17 15:11:39.255987,ERP_SKU
M2C533CLL/A,WCH202002,44mm Aluminum,Standard,2020-09-18,Y,2026-04-17 15:11:39.255988,ERP_SKU
M823059LL/A,WCH202002,44mm Stainless Steel,Ultra,2020-09-18,Y,2026-04-17 15:11:39.255990,ERP_SKU
MA76605LL/A,WCH202101,41mm Aluminum,Premium,2021-10-15,Y,2026-04-17 15:11:39.256666,ERP_SKU
MD502F2LL/A,WCH202101,41mm Stainless Steel,Ultra,2021-10-15,Y,2026-04-17 15:11:39.256668,ERP_SKU
M364A05LL/A,WCH202101,45mm Aluminum,Premium,2021-10-15,Y,2026-04-17 15:11:39.256669,ERP_SKU
M3D59AFLL/A,WCH202101,45mm Stainless Steel,Ultra,2021-10-15,Y,2026-04-17 15:11:39.256671,ERP_SKU
M7CD21DLL/A,WCH202201,41mm Aluminum,Premium,2022-09-16,Y,2026-04-17 15:11:39.257329,ERP_SKU
M9658D4LL/A,WCH202201,41mm Stainless Steel,Ultra,2022-09-16,Y,2026-04-17 15:11:39.257330,ERP_SKU
M9B2EA3LL/A,WCH202201,45mm Aluminum,Premium,2022-09-16,Y,2026-04-17 15:11:39.257332,ERP_SKU
M33FBFDLL/A,WCH202201,45mm Stainless Steel,Ultra,2022-09-16,Y,2026-04-17 15:11:39.257335,ERP_SKU
MBDCABELL/A,WCH202202,40mm Aluminum,Standard,2022-09-16,Y,2026-04-17 15:11:39.257987,ERP_SKU
M3A372FLL/A,WCH202202,40mm Stainless Steel,Ultra,2022-09-16,Y,2026-04-17 15:11:39.257988,ERP_SKU
M46B3C4LL/A,WCH202202,44mm Aluminum,Standard,2022-09-16,Y,2026-04-17 15:11:39.257990,ERP_SKU
M9F88E4LL/A,WCH202202,44mm Stainless Steel,Ultra,2022-09-16,Y,2026-04-17 15:11:39.257991,ERP_SKU
M7A403CLL/A,WCH202203,49mm Titanium,Ultra,2022-09-16,Y,2026-04-17 15:11:39.258686,ERP_SKU
M41795ALL/A,WCH202301,41mm Aluminum,Premium,2023-09-22,Y,2026-04-17 15:11:39.258869,ERP_SKU
M9CAF51LL/A,WCH202301,41mm Stainless Steel,Ultra,2023-09-22,Y,2026-04-17 15:11:39.258871,ERP_SKU
MC527A9LL/A,WCH202301,45mm Aluminum,Premium,2023-09-22,Y,2026-04-17 15:11:39.258872,ERP_SKU
M8AB61FLL/A,WCH202301,45mm Stainless Steel,Ultra,2023-09-22,Y,2026-04-17 15:11:39.258873,ERP_SKU
M0D136FLL/A,WCH202302,49mm Titanium,Ultra,2023-09-22,Y,2026-04-17 15:11:39.259497,ERP_SKU
MB402A7LL/A,WCH202401,41mm Aluminum,Premium,2024-09-20,Y,2026-04-17 15:11:39.259656,ERP_SKU
M8BE2E2LL/A,WCH202401,41mm Stainless Steel,Ultra,2024-09-20,Y,2026-04-17 15:11:39.259657,ERP_SKU
M197F7BLL/A,WCH202401,45mm Aluminum,Premium,2024-09-20,Y,2026-04-17 15:11:39.259658,ERP_SKU
ME09345LL/A,WCH202401,45mm Stainless Steel,Ultra,2024-09-20,Y,2026-04-17 15:11:39.259660,ERP_SKU
M2F889DLL/A,WCH202402,49mm Titanium,Ultra,2024-09-20,Y,2026-04-17 15:11:39.260279,ERP_SKU
M734EB6LL/A,AIR201901,Standard,Standard,2019-03-20,Y,2026-04-17 15:11:39.260443,ERP_SKU
MB5EF2FLL/A,AIR201902,Standard,Premium,2019-10-30,Y,2026-04-17 15:11:39.260604,ERP_SKU
M107055LL/A,AIR202001,Midnight,Premium,2020-12-11,Y,2026-04-17 15:11:39.260767,ERP_SKU
M7F23DFLL/A,AIR202001,Blue,Premium,2020-12-11,Y,2026-04-17 15:11:39.260768,ERP_SKU
MFC8E3ELL/A,AIR202001,Orange,Premium,2020-12-11,Y,2026-04-17 15:11:39.260769,ERP_SKU
MB5931FLL/A,AIR202001,Purple,Premium,2020-12-11,Y,2026-04-17 15:11:39.260771,ERP_SKU
M18A9D8LL/A,AIR202001,Starlight,Premium,2020-12-11,Y,2026-04-17 15:11:39.260772,ERP_SKU
M10ABA4LL/A,AIR202101,Standard,Standard,2021-10-26,Y,2026-04-17 15:11:39.261544,ERP_SKU
MEA45C5LL/A,AIR202201,Standard,Premium,2022-09-23,Y,2026-04-17 15:11:39.261704,ERP_SKU
MD6721FLL/A,AIR202301,Standard,Standard,2023-09-22,Y,2026-04-17 15:11:39.261862,ERP_SKU
M3618DELL/A,AIR202401,Standard,Standard,2024-09-20,Y,2026-04-17 15:11:39.262020,ERP_SKU
M7A5CADLL/A,AIR202402,Standard,Premium,2024-09-20,Y,2026-04-17 15:11:39.262176,ERP_SKU
MD63BB7LL/A,AIR202403,Midnight,Premium,2024-09-20,Y,2026-04-17 15:11:39.262335,ERP_SKU
MC584CALL/A,AIR202403,Blue,Premium,2024-09-20,Y,2026-04-17 15:11:39.262337,ERP_SKU
M32C14ELL/A,AIR202403,Orange,Premium,2024-09-20,Y,2026-04-17 15:11:39.262338,ERP_SKU
M552171LL/A,AIR202403,Purple,Premium,2024-09-20,Y,2026-04-17 15:11:39.262339,ERP_SKU
M63821ALL/A,AIR202403,Starlight,Premium,2024-09-20,Y,2026-04-17 15:11:39.262341,ERP_SKU
MB0701ELL/A,TV201901,Standard,Standard,2019-03-25,Y,2026-04-17 15:11:39.263119,ERP_SKU
MBBFE23LL/A,TV201902,Wi-Fi,Standard,2019-03-25,Y,2026-04-17 15:11:39.263275,ERP_SKU
MB99BBBLL/A,TV201902,Wi-Fi + Ethernet,Standard,2019-03-25,Y,2026-04-17 15:11:39.263276,ERP_SKU
M44A877LL/A,TV202201,Wi-Fi,Standard,2022-11-04,Y,2026-04-17 15:11:39.263590,ERP_SKU
M088F14LL/A,TV202201,Wi-Fi + Ethernet,Standard,2022-11-04,Y,2026-04-17 15:11:39.263592,ERP_SKU
MFEFC2DLL/A,HMP201901,White,Standard,2019-02-09,Y,2026-04-17 15:11:39.263903,ERP_SKU
MF70939LL/A,HMP201901,Midnight,Standard,2019-02-09,Y,2026-04-17 15:11:39.263904,ERP_SKU
M51FB91LL/A,HMP202001,White,Standard,2020-11-16,Y,2026-04-17 15:11:39.264214,ERP_SKU
M7B3E51LL/A,HMP202001,Yellow,Standard,2020-11-16,Y,2026-04-17 15:11:39.264216,ERP_SKU
M8DD328LL/A,HMP202001,Blue,Standard,2020-11-16,Y,2026-04-17 15:11:39.264217,ERP_SKU
MFCE7DFLL/A,HMP202001,Orange,Standard,2020-11-16,Y,2026-04-17 15:11:39.264218,ERP_SKU
MFFE53BLL/A,HMP202301,White,Standard,2023-02-03,Y,2026-04-17 15:11:39.264839,ERP_SKU
MAE0A36LL/A,HMP202301,Midnight,Standard,2023-02-03,Y,2026-04-17 15:11:39.264841,ERP_SKU
MC3AB62LL/A,DSP201901,Standard,Ultra,2019-12-10,Y,2026-04-17 15:11:39.265157,ERP_SKU
M0B4BB5LL/A,DSP201901,Nano-texture glass,Ultra,2019-12-10,Y,2026-04-17 15:11:39.265159,ERP_SKU
MCD7F9ELL/A,DSP202201,Standard,Ultra,2022-03-18,Y,2026-04-17 15:11:39.265471,ERP_SKU
M456FEBLL/A,ACC201901,Standard,Standard,2019-11-01,Y,2026-04-17 15:11:39.265728,ERP_SKU
ME8BAA3LL/A,ACC201902,Standard,Standard,2019-11-01,Y,2026-04-17 15:11:39.265957,ERP_SKU
M86AB67LL/A,ACC202001,Standard,Standard,2020-10-23,Y,2026-04-17 15:11:39.266123,ERP_SKU
M8C3384LL/A,ACC202002,Standard,Standard,2020-11-17,Y,2026-04-17 15:11:39.266284,ERP_SKU
MF9A435LL/A,ACC202101,Standard,Standard,2021-04-30,Y,2026-04-17 15:11:39.266441,ERP_SKU
M469693LL/A,ACC202102,Standard,Standard,2021-07-14,Y,2026-04-17 15:11:39.266604,ERP_SKU
MAA12C3LL/A,ACC202201,Standard,Standard,2022-04-08,Y,2026-04-17 15:11:39.266762,ERP_SKU
M09ADBFLL/A,ACC202202,Standard,Standard,2022-10-24,Y,2026-04-17 15:11:39.266930,ERP_SKU
M564811LL/A,ACC202301,Standard,Standard,2023-10-11,Y,2026-04-17 15:11:39.267098,ERP_SKU
M455202LL/A,ACC202302,Standard,Standard,2023-05-08,Y,2026-04-17 15:11:39.267269,ERP_SKU
MDC7A95LL/A,ACC202401,Standard,Standard,2024-09-20,Y,2026-04-17 15:11:39.267435,ERP_SKU
MA1B373LL/A,ACC202402,Standard,Standard,2024-09-20,Y,2026-04-17 15:11:39.267601,ERP_SKU
MA6CEA4LL/A,VPR202401,256GB,Ultra,2024-02-02,Y,2026-04-17 15:11:39.267765,ERP_SKU
M04E685LL/A,VPR202401,512GB,Ultra,2024-02-02,Y,2026-04-17 15:11:39.267767,ERP_SKU
MDFE587LL/A,VPR202401,1TB,Ultra,2024-02-02,Y,2026-04-17 15:11:39.267768,ERP_SKU
