customer_id,customer_number,first_name,last_name,full_name,gender,date_of_birth,email,phone_number,street_address,city,state_province,postal_code,country_code,country_name,region,preferred_language,customer_segment,loyalty_tier,registration_date,acquisition_year,customer_type,is_active,source_system,created_at,updated_at
9e4e48c8-ddd4-4086-bbe9-13bf43b43632,CUST-2021-NZ-000029,Jason,Hansen,Jason Hansen,Male,1983-11-13,jason.hansen@live.com,+64215454704,415 Rohehorowhenua Parade,Matawakatoa,Bartlettton,8099,NZ,New Zealand,APAC,English,Consumer,None,2021-11-02,2021,RETURNING,True,MDM,2021-11-02 00:00:00,2026-04-17 15:58:44.248087
6da0abc5-8eeb-4e65-9fef-ebee9f66c023,CUST-2020-NZ-000023,Liam,Johansen,Liam Johansen,Male,2006-09-21,liam.johansen985@gmx.com,(021) 6192357,"Level 5
8 Pope-Tapp Alley",Francis Hill,Kowhaitangi,8598,NZ,New Zealand,APAC,English,Consumer,None,2020-03-31,2020,RETURNING,True,MDM,2020-03-31 00:00:00,2026-04-17 15:58:44.248091
9c7473a0-320b-43f8-a2f3-654345eb22d6,CUST-2020-NZ-000032,Philip,Booth,Philip Booth,Female,1976-06-23,philip.booth@protonmail.com,(09) 1874032,75 Whangapapapa Avenue,Rongowhareweka,Tangimata,5104,NZ,New Zealand,APAC,English,Consumer,Gold,2020-02-26,2020,RETURNING,True,MDM,2020-02-26 00:00:00,2026-04-17 15:58:44.248093
d74bb45c-bb14-47fd-b187-7c376e4b0411,CUST-2021-NZ-000005,Timothy,Baker,Timothy Baker,Male,2003-04-15,timothy.baker@icloud.com,021-872-9389,"6 Waiaratai Beach Road
RD 3",New Joneshaven,Pukeararua,2658,NZ,New Zealand,APAC,English,Business,Gold,2021-11-03,2021,RETURNING,True,MDM,2021-11-03 00:00:00,2026-04-17 15:58:44.248094
c40a6411-7fef-4f85-ac51-7bc82dd879ad,CUST-2021-NZ-000017,Wayne,O'Brien,Wayne O'Brien,Male,1981-05-12,wayne.o'brien@outlook.com,+64 6 592-9588,"Apt. 524
92 Brent Street",Payneleigh,O'Keefeville,2316,NZ,New Zealand,APAC,English,Education,None,2021-04-11,2021,RETURNING,True,MDM,2021-04-11 00:00:00,2026-04-17 15:58:44.248097
066ec768-c978-40c8-b4f8-6951eb502260,CUST-2020-NZ-000029,Nicholas,Rodgers,Nicholas Rodgers,Female,1963-07-05,nicholas.rodgers@msn.com,155-8571,17 McIsaac Way,Jasoning,Maungaroto,7434,NZ,New Zealand,APAC,English,Education,None,2020-05-20,2020,RETURNING,True,MDM,2020-05-20 00:00:00,2026-04-17 15:58:44.248099
5af46ee8-958a-40f0-b02b-79ee19f8bc65,CUST-2021-NZ-000037,Karen,McEwen,Karen McEwen,Male,1969-01-16,karen.mcewen666@yahoo.com,673 6303,637 Nicole Mews,Wakakowhairua,Pikestone,5877,NZ,New Zealand,APAC,English,Consumer,Silver,2021-10-14,2021,RETURNING,True,MDM,2021-10-14 00:00:00,2026-04-17 15:58:44.248100
8bf721c4-d6ba-46d8-866a-25a592683eae,CUST-2022-NZ-000010,Neil,Martin,Neil Martin,Female,2005-12-14,neil.martin@msn.com,975-4235,41 Hart Reserve,Kowhaimaungawhitu,Rongotahipo,5351,NZ,New Zealand,APAC,English,Education,Platinum,2022-04-11,2022,RETURNING,True,MDM,2022-04-11 00:00:00,2026-04-17 15:58:44.248102
ffd6b307-8ab6-4b89-8476-c57f34bcf6df,CUST-2022-NZ-000024,Grant,Dickson,Grant Dickson,Female,1968-10-24,grant.dickson191@outlook.com,+64 29 273 4088,"899 Susan Drive
RD 8",Waipopapapa,Pukepowai,6012,NZ,New Zealand,APAC,English,Consumer,Silver,2022-04-22,2022,RETURNING,True,MDM,2022-04-22 00:00:00,2026-04-17 15:58:44.248103
7e1267bd-f64e-4bf1-bd84-86ae972e51b4,CUST-2022-NZ-000005,Terina,Warner,Terina Warner,Male,1998-08-31,terina.warner151@live.com,06 684-6438,"Unit 46
84 Brent Road",Aratapu,Thomas Hill,9082,NZ,New Zealand,APAC,English,Consumer,Gold,2022-09-04,2022,RETURNING,True,MDM,2022-09-04 00:00:00,2026-04-17 15:58:44.248105
7937ed50-5a4e-4b0e-aefe-aba93b4d96fa,CUST-2021-NZ-000030,Jacob,McIntyre,Jacob McIntyre,Male,1982-08-17,jacob.mcintyre@mail.com,(07) 810 7222,"4 Tahipo Terrace
RD 2",Ranginuku,Wharekoroweka,5328,NZ,New Zealand,APAC,English,Business,None,2021-08-09,2021,RETURNING,True,MDM,2021-08-09 00:00:00,2026-04-17 15:58:44.248107
7fa8e839-4eeb-4ebe-beea-d8acab355534,CUST-2022-NZ-000031,Mason,Shaw,Mason Shaw,Female,1950-06-23,mason.shaw@aol.com,022-800-3407,3 Megan Crescent,Tahipohanga,Whakapo,8644,NZ,New Zealand,APAC,English,Consumer,Silver,2022-08-24,2022,RETURNING,True,MDM,2022-08-24 00:00:00,2026-04-17 15:58:44.248109
48a36d9e-d99f-45e4-85fc-f88a4dec622f,CUST-2019-NZ-000114,Christopher,Barker,Christopher Barker,Male,1983-06-09,christopher.barker@aol.com,04-462-2668,3 Wakatapu Beach Road,Carrfort,Hollandport,2007,NZ,New Zealand,APAC,English,Consumer,None,2019-06-30,2019,RETURNING,False,MDM,2019-06-30,2026-04-17 15:58:44.248110
dbcb1dfc-d077-489f-b811-367a2792385f,CUST-2019-NZ-000148,Vanessa,Gray,Vanessa Gray,Female,1975-04-03,vanessa.gray@gmx.com,+64 20 5594516,PO Box 38,Matawharemotu,Koroweka,8013,NZ,New Zealand,APAC,English,Consumer,Platinum,2019-05-26,2019,RETURNING,True,MDM,2019-05-26,2026-04-17 15:58:44.248112
28ffb8f5-c8df-44fb-9e53-0306f2626465,CUST-2019-NZ-000052,Benjamin,Brown,Benjamin Brown,Female,1974-11-05,benjamin.brown@zoho.com,(027) 9299061,"935 Mason Road
RD 5",Drummondgate,Yorkton,9431,NZ,New Zealand,APAC,English,Consumer,Platinum,2019-02-25,2019,RETURNING,True,MDM,2019-02-25,2026-04-17 15:58:44.248113
d7851111-4243-4f0c-be06-e97a3c2d7135,CUST-2021-NZ-000039,Gregory,Fuller,Gregory Fuller,Female,1977-05-12,gregory.fuller@icloud.com,740-0209,7 Nicholson Avenue,Millertown,Waltongate,5726,NZ,New Zealand,APAC,English,Consumer,Gold,2021-02-03,2021,RETURNING,True,MDM,2021-02-03 00:00:00,2026-04-17 15:58:44.248115
d41e247b-d20d-48e0-89ba-02ecc9c98718,CUST-2022-NZ-000033,Hannah,Bell,Hannah Bell,Female,2007-09-27,hannah.bell134@protonmail.com,+64-29-514-4419,"8 Hardie-Wratt Terrace
RD 1",Mataroa,Rohekiwi,2430,NZ,New Zealand,APAC,English,Education,None,2022-05-02,2022,RETURNING,True,MDM,2022-05-02 00:00:00,2026-04-17 15:58:44.248116
62041d06-8ed7-449d-be18-316f2fc1afe3,CUST-2022-NZ-000002,Mia,Booker,Mia Booker,Male,1962-11-09,mia.booker@gmail.com,+64 7 434-1929,"Level 7
5 Brown Street",Martinton,Jellymangate,2548,NZ,New Zealand,APAC,English,Education,None,2022-01-06,2022,RETURNING,True,MDM,2022-01-06 00:00:00,2026-04-17 15:58:44.248118
1cb414d4-8a3e-4c27-af4c-c697d58229da,CUST-2022-NZ-000025,Janine,Berry,Janine Berry,Male,1956-06-11,janine.berry@live.com,+64219242074,PO Box 9,Eatonneath,Matarongo,8016,NZ,New Zealand,APAC,English,Consumer,None,2022-05-15,2022,RETURNING,True,MDM,2022-05-15 00:00:00,2026-04-17 15:58:44.248120
d01efd14-4df4-4e1d-9cc6-5fa9674bad4c,CUST-2020-NZ-000020,Michael,Carr,Michael Carr,Female,1989-02-07,michael.carr247@msn.com,+64 21 150 6129,945 Aratahi Road,Stevenstown,Tauwhakamakau,8468,NZ,New Zealand,APAC,English,Consumer,None,2020-12-12,2020,RETURNING,True,MDM,2020-12-12 00:00:00,2026-04-17 15:58:44.248122
839d40ce-1733-465c-ab90-0fe1ab89f5d0,CUST-2019-NZ-000046,Julie,Whyte,Julie Whyte,Male,1952-09-19,julie.whyte@mail.com,06 414-2943,642 Jellyman Cove,Tereterepuke,Masongate,2581,NZ,New Zealand,APAC,English,Consumer,None,2019-01-20,2019,RETURNING,True,MDM,2019-01-20,2026-04-17 15:58:44.248123
aeb68198-e5b7-416d-bb78-36395982876b,CUST-2019-NZ-000095,Donald,Scott,Donald Scott,Female,1975-07-08,donald.scott621@gmail.com,+64213868302,PO Box 80,Matawhitu,Korongauru,9266,NZ,New Zealand,APAC,English,Consumer,Gold,2019-11-04,2019,RETURNING,True,MDM,2019-11-04,2026-04-17 15:58:44.248125
eb711634-499f-44e1-bfe3-fdca56b4d7a9,CUST-2019-NZ-000071,Jasmine,McCarthy,Jasmine McCarthy,Female,1970-04-15,jasmine.mccarthy651@aol.com,+64 9 350 1566,"494 Brown Avenue
RD 3",Matawaka,Turnerton,3700,NZ,New Zealand,APAC,English,Consumer,Platinum,2019-07-12,2019,RETURNING,True,MDM,2019-07-12,2026-04-17 15:58:44.248126
3e67058c-92b8-457a-8217-9f5f0cba92b2,CUST-2022-NZ-000048,Tanya,Hubbard,Tanya Hubbard,Male,1992-03-07,tanya.hubbard@zoho.com,07 4057660,"Apt. 499
5 Tahitau Cross",Brooksmouth,Matahanga,5310,NZ,New Zealand,APAC,English,Consumer,None,2022-12-04,2022,RETURNING,True,MDM,2022-12-04 00:00:00,2026-04-17 15:58:44.248128
a7760f69-6d30-4061-ac97-268dcbb5bc74,CUST-2020-NZ-000015,Russell,Harrison,Russell Harrison,Male,1991-09-08,russell.harrison921@hotmail.com,+64 3 110-4363,38 Donald-Forrest Place,West Mercerings,Woodmouth,2177,NZ,New Zealand,APAC,English,Business,None,2020-03-22,2020,RETURNING,True,MDM,2020-03-22 00:00:00,2026-04-17 15:58:44.248129
b313e0db-7fd6-4fef-a6bc-173ef74120aa,CUST-2019-NZ-000146,Charlotte,Wilton,Charlotte Wilton,Female,2007-02-19,charlotte.wilton@gmail.com,+64 27 5448611,95 Ham Centre,New MacDonaldings,Hooperville,7058,NZ,New Zealand,APAC,English,Consumer,Gold,2019-08-23,2019,RETURNING,True,MDM,2019-08-23,2026-04-17 15:58:44.248131
2f93f621-9c12-4683-bdee-16d7a655c2d5,CUST-2020-NZ-000005,Martin,Harris,Martin Harris,Female,1979-11-24,martin.harris@outlook.com,022 6725029,"Apt. 866
2 Korowhitu Road",Rohepuke,Porongopuke,5276,NZ,New Zealand,APAC,English,Business,None,2020-08-10,2020,RETURNING,True,MDM,2020-08-10 00:00:00,2026-04-17 15:58:44.248133
a708e5fa-84f2-4607-9d2e-d90f38888f6b,CUST-2021-NZ-000004,Spencer,Booker,Spencer Booker,Female,2005-05-19,spencer.booker100@gmx.com,(09) 410 0376,"Apt. 215
212 O'Sullivan Street",Masonville,Averyside,2634,NZ,New Zealand,APAC,English,Consumer,Platinum,2021-09-24,2021,RETURNING,True,MDM,2021-09-24 00:00:00,2026-04-17 15:58:44.248134
35942ebb-c4c7-4ac4-acf4-6adffa35464e,CUST-2019-NZ-000031,David,Read,David Read,Female,1994-04-01,david.read@yahoo.com,029 526-5073,483 Baldick-Cresswell Range Road,Campbellside,Motutaiiti,6430,NZ,New Zealand,APAC,English,Business,Platinum,2019-09-01,2019,RETURNING,True,MDM,2019-09-01,2026-04-17 15:58:44.248135
fa025fea-94cb-445f-a856-40fa1e132303,CUST-2022-NZ-000020,Sheryl,Booker,Sheryl Booker,Male,1960-04-24,sheryl.booker@outlook.com,(04) 1520780,"Level 8
1 Paterson Range Road",Adambury,Barnesville,9058,NZ,New Zealand,APAC,English,Education,Silver,2022-06-18,2022,RETURNING,True,MDM,2022-06-18 00:00:00,2026-04-17 15:58:44.248137
c80c9b6f-889b-4795-a9de-d70cb6def1b4,CUST-2022-NZ-000027,Anna,Webb,Anna Webb,Female,1992-08-11,anna.webb@zoho.com,221-1322,57 Butler Road,Taupapapa,Wairangi,5833,NZ,New Zealand,APAC,English,Business,None,2022-09-30,2022,RETURNING,True,MDM,2022-09-30 00:00:00,2026-04-17 15:58:44.248139
034754ce-9db0-4a83-b4e8-c7b500fb2e54,CUST-2022-NZ-000001,Jackson,Ellery,Jackson Ellery,Male,1979-10-18,jackson.ellery@zoho.com,(021) 687 5120,PO Box 375,Gillespieneath,Rongoweka,6925,NZ,New Zealand,APAC,English,Consumer,None,2022-11-12,2022,RETURNING,True,MDM,2022-11-12 00:00:00,2026-04-17 15:58:44.248140
40818565-9b99-4c31-bc4c-ca610ebc02e1,CUST-2019-NZ-000065,Nathan,Simpson,Nathan Simpson,Male,1959-04-08,nathan.simpson@gmx.com,(06) 8893311,31 Tangikowhaingauru Road,Potapu,Blickborough,5296,NZ,New Zealand,APAC,English,Consumer,None,2019-12-12,2019,RETURNING,True,MDM,2019-12-12,2026-04-17 15:58:44.248142
cb524c7d-4f32-4d4f-a33a-fe16e7d28560,CUST-2021-NZ-000010,Adam,Stace,Adam Stace,Male,1979-08-16,adam.stace215@hotmail.com,020 3932643,PO Box 4,Pukewhangawai,Tereawatahi,9091,NZ,New Zealand,APAC,English,Consumer,None,2021-11-18,2021,RETURNING,True,MDM,2021-11-18 00:00:00,2026-04-17 15:58:44.248144
cd7fd59b-0baa-4a62-b1fc-b20e995585f9,CUST-2019-NZ-000129,Jan,Rossiter,Jan Rossiter,Male,1975-05-15,jan.rossiter263@yahoo.com,(021) 2683009,"1 Weston Crescent
RD 10",Taikoro,Millerburgh,2495,NZ,New Zealand,APAC,English,Consumer,Gold,2019-03-02,2019,RETURNING,True,MDM,2019-03-02,2026-04-17 15:58:44.248145
60d453b1-2e73-4758-b995-a609f5f8ff89,CUST-2022-NZ-000041,Nikora,Stone,Nikora Stone,Male,2000-06-28,nikora.stone@live.com,895-9966,"Unit 62
40 Awamatapuke Avenue",Wallaceburn,Wakanui,8697,NZ,New Zealand,APAC,English,Consumer,Platinum,2022-04-22,2022,RETURNING,True,MDM,2022-04-22 00:00:00,2026-04-17 15:58:44.248147
b43b3efd-64c7-474a-811e-bb758d7133bb,CUST-2019-NZ-000122,Maria,O'Connor,Maria O'Connor,Male,1953-04-12,maria.o'connor@gmx.com,229-7270,490 Sullivan Street,Maungatere,Aramokotai,7100,NZ,New Zealand,APAC,English,Consumer,None,2019-01-28,2019,RETURNING,True,MDM,2019-01-28,2026-04-17 15:58:44.248148
6827b495-4bcc-4200-bfab-58fffff58522,CUST-2022-NZ-000036,Peter,Rush,Peter Rush,Male,1959-06-24,peter.rush@msn.com,510-1853,669 Bartlett-Wong Court,Perrygate,Thomasside,9027,NZ,New Zealand,APAC,English,Consumer,None,2022-04-15,2022,RETURNING,True,MDM,2022-04-15 00:00:00,2026-04-17 15:58:44.248150
35d7cad6-f095-4534-9339-19d76d741410,CUST-2020-NZ-000010,Karl,Meredith,Karl Meredith,Male,1994-07-04,karl.meredith@gmx.com,+64 20 682-1749,46 Tangikowhaiwhanga Arcade,Clarkeneath,Wakatangi,9854,NZ,New Zealand,APAC,English,Consumer,Silver,2020-05-23,2020,RETURNING,True,MDM,2020-05-23 00:00:00,2026-04-17 15:58:44.248151
3a534667-dee7-4075-b5bf-374789d4e6a7,CUST-2019-NZ-000054,Linda,Fowler,Linda Fowler,Male,1991-06-24,linda.fowler@protonmail.com,+64219013081,3 Cooper Road,High Bothammouth,Whangapomanawa,2415,NZ,New Zealand,APAC,English,Business,None,2019-11-05,2019,RETURNING,True,MDM,2019-11-05,2026-04-17 15:58:44.248153
65dc15bf-695a-472e-9c69-98948cf952bc,CUST-2020-NZ-000035,Helen,Ford,Helen Ford,Female,1992-02-23,helen.ford@outlook.com,+64-21-581-4488,2 Luke Street,Wakaroa,Ngauruwharekawa,2270,NZ,New Zealand,APAC,English,Consumer,None,2020-10-25,2020,RETURNING,True,MDM,2020-10-25 00:00:00,2026-04-17 15:58:44.248155
0900df0a-0f83-4028-85d6-58414e8a63c7,CUST-2022-NZ-000003,Terence,Simpson,Terence Simpson,Male,1975-01-22,terence.simpson@hotmail.com,+64 3 217-3089,6 Brown-Ramsay Crossing,New Dalzielgate,Brownville,9467,NZ,New Zealand,APAC,English,Education,None,2022-05-12,2022,RETURNING,True,MDM,2022-05-12 00:00:00,2026-04-17 15:58:44.248157
d356d588-3824-407e-b6f1-b4c0df030428,CUST-2021-NZ-000006,Jayden,Paton,Jayden Paton,Male,1953-04-11,jayden.paton244@msn.com,07 149 6525,"Level 1
470 Rose Line",Tipukawahope,Horonui,6085,NZ,New Zealand,APAC,English,Consumer,Silver,2021-01-07,2021,RETURNING,True,MDM,2021-01-07 00:00:00,2026-04-17 15:58:44.248158
93d77761-2bcb-4f23-9ddd-7f97e5bcb22e,CUST-2021-NZ-000002,Aria,O'Donnell,Aria O'Donnell,Male,1977-09-07,aria.o'donnell524@icloud.com,(04) 120 6324,991 Waters-Long Street,Bartletthaven,Wakangauru,6946,NZ,New Zealand,APAC,English,Business,None,2021-10-12,2021,RETURNING,True,MDM,2021-10-12 00:00:00,2026-04-17 15:58:44.248160
78e2cb3e-a87e-4b6e-ab6e-754a1defaeac,CUST-2019-NZ-000024,Margaret,Russell,Margaret Russell,Male,1984-05-01,margaret.russell@outlook.com,+64-21-350-6360,8 Gordon Street,Martinings,Cookings,5359,NZ,New Zealand,APAC,English,Consumer,Gold,2019-12-15,2019,RETURNING,True,MDM,2019-12-15,2026-04-17 15:58:44.248161
4fbce83f-7d08-4403-b0a4-22da64ac8988,CUST-2021-NZ-000026,Nicola,Dyer,Nicola Dyer,Male,1992-05-01,nicola.dyer@hotmail.com,699-9983,5 Perano Avenue,Claridgeberg,Kowhaitipuiti,5896,NZ,New Zealand,APAC,English,Consumer,Gold,2021-11-26,2021,RETURNING,True,MDM,2021-11-26 00:00:00,2026-04-17 15:58:44.248163
bf9b7857-28fe-46bd-a605-b2f05730af2e,CUST-2020-NZ-000004,Michael,Bishell,Michael Bishell,Male,1972-11-08,michael.bishell@live.com,(06) 1032591,187 Robb Plaza,Harrisberg,Port Smithleigh,2097,NZ,New Zealand,APAC,English,Business,None,2020-02-28,2020,RETURNING,True,MDM,2020-02-28 00:00:00,2026-04-17 15:58:44.248164
dadea992-dadc-44c7-b517-861b799243d7,CUST-2021-NZ-000032,Adam,Graham,Adam Graham,Female,1992-07-11,adam.graham511@aol.com,(021) 957-9970,3 Millar-Russell Avenue,Turnerburgh,Whangamotu,8519,NZ,New Zealand,APAC,English,Business,Gold,2021-02-12,2021,RETURNING,True,MDM,2021-02-12 00:00:00,2026-04-17 15:58:44.248166
a1cddadc-a23d-43dd-9f95-4f812b63681b,CUST-2022-NZ-000009,Paul,Ward,Paul Ward,Male,1952-08-05,paul.ward672@outlook.com,(04) 238-1714,PO Box 6,Manawamanawatahi,Pomoturoto,6180,NZ,New Zealand,APAC,English,Consumer,Silver,2022-08-13,2022,RETURNING,True,MDM,2022-08-13 00:00:00,2026-04-17 15:58:44.248167
92cd82b2-85a2-4b0d-92bf-c4b9a58d44d8,CUST-2019-NZ-000100,Holly,Holmes,Holly Holmes,Male,1983-06-05,holly.holmes@gmx.com,027 997 2437,"655 Aberhart Street
RD 8",North Brightgate,Mokomanawa,8557,NZ,New Zealand,APAC,English,Consumer,None,2019-10-22,2019,RETURNING,True,MDM,2019-10-22,2026-04-17 15:58:44.248169
db028d8d-0bab-46e9-b91c-fc355f5f82fc,CUST-2021-NZ-000041,Andrew,Williams,Andrew Williams,Male,1975-12-11,andrew.williams@mail.com,+64 7 3596977,PO Box 762,Jamiesongate,O'Sullivanton,7661,NZ,New Zealand,APAC,English,Consumer,None,2021-02-19,2021,RETURNING,True,MDM,2021-02-19 00:00:00,2026-04-17 15:58:44.248171
e347a685-70f0-462c-89ff-e79da94f03a6,CUST-2020-NZ-000022,Levi,McGregor,Levi McGregor,Male,1958-05-06,levi.mcgregor@zoho.com,+64 6 4966666,"Level 3
667 Waiwairoa Crescent",Terekoro,Wharehanga,6469,NZ,New Zealand,APAC,English,Consumer,None,2020-04-24,2020,RETURNING,True,MDM,2020-04-24 00:00:00,2026-04-17 15:58:44.248173
a97d1535-475b-4082-8a98-08edfca792bf,CUST-2019-NZ-000043,Patrick,Rowe,Patrick Rowe,Male,1991-11-25,patrick.rowe@outlook.com,8229310,PO Box 81,Hewittbury,Koroterekoro,697,NZ,New Zealand,APAC,English,Consumer,None,2019-04-14,2019,RETURNING,True,MDM,2019-04-14,2026-04-17 15:58:44.248174
9b210d8d-36c5-47fa-9b55-cf6a34781441,CUST-2021-NZ-000046,Ella,Gibbs,Ella Gibbs,Female,1978-08-30,ella.gibbs@icloud.com,029 834 2177,"Level 5
9 Roheawa Crescent",Allen Flats,Georgeland,1225,NZ,New Zealand,APAC,English,Education,Silver,2021-05-02,2021,RETURNING,True,MDM,2021-05-02 00:00:00,2026-04-17 15:58:44.248176
a83e484f-f02e-4a02-889c-3bfe0acc6463,CUST-2022-NZ-000007,Nicole,West,Nicole West,Female,1994-04-06,nicole.west@zoho.com,871-0388,"62 Wells Street
RD 2",Lillyside,Tauhope,4526,NZ,New Zealand,APAC,English,Business,Gold,2022-06-04,2022,RETURNING,True,MDM,2022-06-04 00:00:00,2026-04-17 15:58:44.248177
62e094fd-3ff4-48fe-997f-2bde680c5293,CUST-2019-NZ-000127,Darren,Kennedy,Darren Kennedy,Female,1971-04-20,darren.kennedy@mail.com,(029) 7485880,PO Box 95,Clunies-Rosshaven,Koropukerua,8299,NZ,New Zealand,APAC,English,Consumer,None,2019-04-07,2019,RETURNING,True,MDM,2019-04-07,2026-04-17 15:58:44.248179
f0e83e1c-2efa-4b69-9ade-6de15114b4d8,CUST-2022-NZ-000017,Jason,Ewart,Jason Ewart,Male,1956-03-25,jason.ewart@gmx.com,(09) 680-4299,744 Pukengauru Avenue,Papapahope,Bradleyside,9282,NZ,New Zealand,APAC,English,Education,Silver,2022-02-05,2022,RETURNING,True,MDM,2022-02-05 00:00:00,2026-04-17 15:58:44.248180
9db73b33-271f-4c3c-a373-12f49c6c9147,CUST-2019-NZ-000149,Amber,Dick,Amber Dick,Female,1954-08-28,amber.dick@hotmail.com,022 521 6651,PO Box 893,Taiwaka,Korowhitu,9676,NZ,New Zealand,APAC,English,Consumer,None,2019-05-25,2019,RETURNING,True,MDM,2019-05-25,2026-04-17 15:58:44.248182
b616bf0f-1d31-4013-9dcf-bc304c273e2c,CUST-2022-NZ-000049,Melanie,Larsen,Melanie Larsen,Female,1988-06-08,melanie.larsen@yahoo.com,239 0042,53 Tipuara Road,Wardgate,Laurensonside,2661,NZ,New Zealand,APAC,English,Consumer,None,2022-05-09,2022,RETURNING,True,MDM,2022-05-09 00:00:00,2026-04-17 15:58:44.248184
2a948d0c-49f4-48b9-a250-1604ce89ebc2,CUST-2019-NZ-000144,Natalie,Scott,Natalie Scott,Female,1973-03-07,natalie.scott239@gmail.com,03 568-1724,536 Sheryl Road,Rongorohehoro,Tahiwhakatere,5744,NZ,New Zealand,APAC,English,Consumer,Gold,2019-03-24,2019,RETURNING,True,MDM,2019-03-24,2026-04-17 15:58:44.248185
89848d0d-ed30-497f-8903-c8671fae19af,CUST-2022-NZ-000006,Natalie,Anderson,Natalie Anderson,Male,1986-06-13,natalie.anderson@live.com,020 547 2497,24 Cameron Street,Wharekowhairoa,Roheweka,6025,NZ,New Zealand,APAC,English,Consumer,Silver,2022-12-06,2022,RETURNING,True,MDM,2022-12-06 00:00:00,2026-04-17 15:58:44.248187
29e029b4-1cab-4ef3-adf1-6a75f6b7b128,CUST-2019-NZ-000019,Georgia,Mitchell,Georgia Mitchell,Female,1993-12-14,georgia.mitchell@hotmail.com,+64 9 202-5770,"6 Willis-Davies Circle
RD 1",Perryfort,Rangirua,9419,NZ,New Zealand,APAC,English,Consumer,Silver,2019-03-28,2019,RETURNING,True,MDM,2019-03-28,2026-04-17 15:58:44.248188
603fcbaa-3b88-4a0b-930c-4e4ef959fa7c,CUST-2019-NZ-000077,Charles,Stevens,Charles Stevens,Female,1981-12-16,charles.stevens@mail.com,021 892 0021,"Flat 22
3 Marsh Park",Turnerville,Granting,5862,NZ,New Zealand,APAC,English,Consumer,Gold,2019-04-05,2019,RETURNING,True,MDM,2019-04-05,2026-04-17 15:58:44.248189
c8040de0-c135-402f-a268-c8f9df03624f,CUST-2019-NZ-000016,Rosemary,O'Connell,Rosemary O'Connell,Female,1957-09-27,rosemary.o'connell@icloud.com,+64 22 736 5731,8 Bell Copse,Kellyport,Connollyhaven,5119,NZ,New Zealand,APAC,English,Consumer,None,2019-07-27,2019,RETURNING,True,MDM,2019-07-27,2026-04-17 15:58:44.248191
a5a37bb3-7cb5-4884-8322-10a29adde78a,CUST-2022-NZ-000028,Renee,Joe,Renee Joe,Female,1970-01-07,renee.joe@msn.com,268-4843,PO Box 9,Wekanui,Whakarangiwhare,8696,NZ,New Zealand,APAC,English,Consumer,None,2022-10-04,2022,RETURNING,True,MDM,2022-10-04 00:00:00,2026-04-17 15:58:44.248193
39d188f9-5e0a-4472-8976-83b9d11cdeb8,CUST-2022-NZ-000046,Joseph,Jordan,Joseph Jordan,Male,1956-07-19,joseph.jordan@gmx.com,+64 9 870-8965,PO Box 540,Awahoro,Tainui,3043,NZ,New Zealand,APAC,English,Consumer,None,2022-12-18,2022,RETURNING,True,MDM,2022-12-18 00:00:00,2026-04-17 15:58:44.248195
cd5d461c-38c9-421d-91d6-c469a54d5599,CUST-2020-NZ-000031,Judith,Green,Judith Green,Male,1960-01-06,judith.green@icloud.com,+64 20 114-2361,96 Simonsen Avenue,Rangiterehoro,Wheelerneath,8263,NZ,New Zealand,APAC,English,Consumer,None,2020-11-15,2020,RETURNING,True,MDM,2020-11-15 00:00:00,2026-04-17 15:58:44.248196
919f2563-daf1-4c5e-a2f3-a305ffb9ef7b,CUST-2022-NZ-000034,Rebecca,Owen,Rebecca Owen,Female,1996-04-13,rebecca.owen606@icloud.com,06-625-2961,"96 Jensen Circle
RD 1",South Smithborough,Roherohengauru,2031,NZ,New Zealand,APAC,English,Business,None,2022-05-10,2022,RETURNING,True,MDM,2022-05-10 00:00:00,2026-04-17 15:58:44.248198
d355a042-cac7-493d-94e7-e7640151eb72,CUST-2020-NZ-000001,Melissa,Webb,Melissa Webb,Male,1981-08-08,melissa.webb957@mail.com,09 994 4815,"67 Murphy Lane
RD 10",Rohemakau,Maungamanawa,5865,NZ,New Zealand,APAC,English,Business,Gold,2020-07-17,2020,RETURNING,True,MDM,2020-07-17 00:00:00,2026-04-17 15:58:44.248199
84ed6186-c92b-4b08-b2f6-2a34403c8384,CUST-2022-NZ-000016,Natasha,Stevens,Natasha Stevens,Female,1960-03-18,natasha.stevens@gmail.com,390-4355,"Suite 958
308 Michael Mews",Wallis Flats,Perryfort,8212,NZ,New Zealand,APAC,English,Consumer,None,2022-07-10,2022,RETURNING,False,MDM,2022-07-10 00:00:00,2026-04-17 15:58:44.248201
ab59da20-221a-41e6-90d5-3a1108dcfb08,CUST-2019-NZ-000121,Joel,Anderson,Joel Anderson,Female,1974-12-19,joel.anderson@gmx.com,(027) 370 3732,PO Box 268,Maxwellfort,Donnastone,5787,NZ,New Zealand,APAC,English,Consumer,Silver,2019-04-06,2019,RETURNING,True,MDM,2019-04-06,2026-04-17 15:58:44.248203
1fc796bd-a300-4f27-9282-8ef495ade1df,CUST-2019-NZ-000047,Aria,Clarke,Aria Clarke,Female,1990-06-24,aria.clarke@live.com,+64 4 638 1504,8 Sinclair Place,West McCormickberg,McCallummouth,5816,NZ,New Zealand,APAC,English,Consumer,Silver,2019-04-13,2019,RETURNING,True,MDM,2019-04-13,2026-04-17 15:58:44.248204
f9d1d574-fd77-4037-a5ae-601093bc2b4f,CUST-2021-NZ-000003,Michelle,Reid,Michelle Reid,Male,1978-12-20,michelle.reid@gmail.com,+64 7 500-0736,"2 Griffin Crest
RD 9",Arataikoro,Helenton,3297,NZ,New Zealand,APAC,English,Consumer,Silver,2021-12-13,2021,RETURNING,True,MDM,2021-12-13 00:00:00,2026-04-17 15:58:44.248206
97f1559d-01e3-4be2-9c98-d81087328c17,CUST-2021-NZ-000047,Geoffrey,Carpenter,Geoffrey Carpenter,Female,1966-12-03,geoffrey.carpenter@gmail.com,+64 27 1759082,26 Kawamakau Drive,Larsenland,Brighting,2241,NZ,New Zealand,APAC,English,Consumer,Silver,2021-11-26,2021,RETURNING,True,MDM,2021-11-26 00:00:00,2026-04-17 15:58:44.248208
b2b6588d-551c-4b73-911d-46ed6b4a8c5d,CUST-2019-NZ-000118,Charles,Dawick,Charles Dawick,Male,1954-06-02,charles.dawick@outlook.com,04-402-8373,PO Box 7,Motuwai,Ngaururongo,508,NZ,New Zealand,APAC,English,Consumer,Gold,2019-12-15,2019,RETURNING,True,MDM,2019-12-15,2026-04-17 15:58:44.248209
aa312765-d397-4620-bbe2-a755658530ce,CUST-2022-NZ-000042,Christopher,Law,Christopher Law,Male,2007-04-01,christopher.law@gmx.com,020 355-1350,272 Krystal Broadway,Tahimotu,Carrollland,5335,NZ,New Zealand,APAC,English,Education,Silver,2022-12-27,2022,RETURNING,True,MDM,2022-12-27 00:00:00,2026-04-17 15:58:44.248211
fceb9797-84c1-4182-8a57-fce43d0e482d,CUST-2020-NZ-000012,Mitchell,Newton,Mitchell Newton,Female,1988-12-16,mitchell.newton@aol.com,020 115 1943,509 Tahiara Street,Horotai,Simpsonberg,8133,NZ,New Zealand,APAC,English,Consumer,Platinum,2020-02-02,2020,RETURNING,True,MDM,2020-02-02 00:00:00,2026-04-17 15:58:44.248212
ee4a8cab-1fd7-4b16-81e6-9a6bd0e71b02,CUST-2022-NZ-000030,William,Holmes,William Holmes,Female,1966-06-15,william.holmes527@mail.com,+64 6 837-1668,7 Muir Drive,Mokomotuwaka,Forrestleigh,2054,NZ,New Zealand,APAC,English,Consumer,None,2022-10-31,2022,RETURNING,True,MDM,2022-10-31 00:00:00,2026-04-17 15:58:44.248214
29d0e0c2-77ab-425e-b60b-11de84e5c6a1,CUST-2022-NZ-000023,Gemma,Pratt,Gemma Pratt,Male,1958-03-30,gemma.pratt628@msn.com,+64226298365,"746 Rangipukengauru Court
RD 4",Webbport,Papapatau,9732,NZ,New Zealand,APAC,English,Consumer,None,2022-01-01,2022,RETURNING,True,MDM,2022-01-01 00:00:00,2026-04-17 15:58:44.248216
ab4c20ad-c458-484f-847b-97ba356819f0,CUST-2021-NZ-000007,Hugo,Browne,Hugo Browne,Male,1955-01-02,hugo.browne@protonmail.com,029 320-5670,"61 Tangikawa Avenue
RD 10",Jenningsborough,Meredithburgh,2519,NZ,New Zealand,APAC,English,Consumer,None,2021-06-13,2021,RETURNING,True,MDM,2021-06-13 00:00:00,2026-04-17 15:58:44.248217
68db8dfc-b682-4c4f-983c-73412c5df6b5,CUST-2019-NZ-000078,Christine,Anderson,Christine Anderson,Female,1959-01-03,christine.anderson768@hotmail.com,022 9994477,PO Box 73,Wekakawarua,Elliottport,2362,NZ,New Zealand,APAC,English,Business,Silver,2019-12-04,2019,RETURNING,True,MDM,2019-12-04,2026-04-17 15:58:44.248219
55fd5182-659a-4483-8c9c-246e2aff4454,CUST-2020-NZ-000048,Nicola,Duncan,Nicola Duncan,Female,1953-04-08,nicola.duncan@mail.com,(021) 8621112,"771 Clunies-Ross-Turner Broadway
RD 7",Rossburn,Korowaitipu,7176,NZ,New Zealand,APAC,English,Consumer,Silver,2020-04-28,2020,RETURNING,True,MDM,2020-04-28 00:00:00,2026-04-17 15:58:44.248220
82bef872-53b4-4f4f-9307-1eb42c33eb26,CUST-2019-NZ-000028,James,Hewitt,James Hewitt,Male,1987-04-20,james.hewitt@outlook.com,+64 4 3519451,"59 Tautanga Track
RD 7",Wakamanawaara,Maungawakawhitu,8054,NZ,New Zealand,APAC,English,Consumer,Silver,2019-10-13,2019,RETURNING,True,MDM,2019-10-13,2026-04-17 15:58:44.248222
64ffa803-e28c-4a6b-b248-6d8b4b8df665,CUST-2022-NZ-000014,Dianne,McIntyre,Dianne McIntyre,Female,1992-12-25,dianne.mcintyre822@mail.com,+64 21 2919825,PO Box 55,Taukowhaiwhaka,Suttonstone,8194,NZ,New Zealand,APAC,English,Consumer,Platinum,2022-03-25,2022,RETURNING,True,MDM,2022-03-25 00:00:00,2026-04-17 15:58:44.248223
9a916a67-2003-47da-bdf5-6b5bc486ed29,CUST-2022-NZ-000038,Eden,Prentice,Eden Prentice,Male,1967-12-27,eden.prentice@outlook.com,982-8421,51 Wakarongomotu Cove,Motutai,Birdland,9669,NZ,New Zealand,APAC,English,Consumer,Silver,2022-11-26,2022,RETURNING,True,MDM,2022-11-26 00:00:00,2026-04-17 15:58:44.248224
0bd8ceef-ce0e-46c5-b051-acd897484fa5,CUST-2019-NZ-000029,Connor,Morrison,Connor Morrison,Male,1989-02-12,connor.morrison@mail.com,(06) 797 6512,153 Jack Road,Tautangi,Lower Stratfordberg,8842,NZ,New Zealand,APAC,English,Consumer,None,2019-06-08,2019,RETURNING,True,MDM,2019-06-08,2026-04-17 15:58:44.248226
ec9ee23d-d180-4da2-a730-3f431a612b87,CUST-2019-NZ-000067,Kelvin,Browne,Kelvin Browne,Male,1958-04-21,kelvin.browne514@msn.com,+64 27 8989299,788 Boon-Beattie Place,Harrisonstone,Manawatipu,8056,NZ,New Zealand,APAC,English,Business,None,2019-10-22,2019,RETURNING,True,MDM,2019-10-22,2026-04-17 15:58:44.248228
1af11ade-d3d8-44b0-8f91-e92c4a2bcbd2,CUST-2019-NZ-000138,Mereana,Sixtus,Mereana Sixtus,Female,1965-09-05,mereana.sixtus@aol.com,5793937,"110 Moore-Fisher Mews
RD 6",Wharenuku,Shortland,2594,NZ,New Zealand,APAC,English,Consumer,None,2019-02-06,2019,RETURNING,True,MDM,2019-02-06,2026-04-17 15:58:44.248229
4e0e0940-cd32-4b79-9e44-f84e79bdfa0e,CUST-2022-NZ-000047,Mark,Foote,Mark Foote,Male,1970-05-27,mark.foote@gmx.com,+64 7 828-7149,616 Christopher Street,Pukemotukoro,Foxgate,6437,NZ,New Zealand,APAC,English,Consumer,None,2022-05-20,2022,RETURNING,True,MDM,2022-05-20 00:00:00,2026-04-17 15:58:44.248231
da8491be-afe0-4a27-bbed-62f322c1a30f,CUST-2019-NZ-000073,Aiden,Harrison,Aiden Harrison,Male,1977-06-13,aiden.harrison@live.com,+64 4 896 8646,PO Box 48,Horongauru,Rangirohe,9447,NZ,New Zealand,APAC,English,Business,None,2019-10-25,2019,RETURNING,True,MDM,2019-10-25,2026-04-17 15:58:44.248233
85782368-ff9d-439a-adcf-c0d605034339,CUST-2021-NZ-000040,Lucy,Taylor,Lucy Taylor,Female,1983-10-09,lucy.taylor@protonmail.com,(09) 531 4598,3 Gary Street,Wharewekakowhai,Cameronmouth,2607,NZ,New Zealand,APAC,English,Consumer,None,2021-07-25,2021,RETURNING,True,MDM,2021-07-25 00:00:00,2026-04-17 15:58:44.248234
e32e0fd7-ce16-495b-bc46-d8f390e0a3e9,CUST-2019-NZ-000104,Andrea,Johansen,Andrea Johansen,Male,1976-09-24,andrea.johansen989@icloud.com,+64-3-639-2078,434 Simmons Way,Papapamaungatoa,Paulastone,7300,NZ,New Zealand,APAC,English,Business,None,2019-01-20,2019,RETURNING,True,MDM,2019-01-20,2026-04-17 15:58:44.248236
8567973a-cbc4-411c-90f4-a4ab4c019cb2,CUST-2019-NZ-000059,Dylan,Dean,Dylan Dean,Male,1992-03-03,dylan.dean643@yahoo.com,(07) 713-0139,689 Hickey Circuit,McDonaldgate,Joneshaven,6299,NZ,New Zealand,APAC,English,Consumer,Gold,2019-04-07,2019,RETURNING,True,MDM,2019-04-07,2026-04-17 15:58:44.248238
c6263654-b39e-42d7-81ce-06cb323c8d26,CUST-2019-NZ-000083,Andrew,Douglas,Andrew Douglas,Male,1976-06-06,andrew.douglas@msn.com,021-430-7249,28 Awatoa Close,Shirley Hill,Brown Flats,8217,NZ,New Zealand,APAC,English,Consumer,None,2019-07-27,2019,RETURNING,True,MDM,2019-07-27,2026-04-17 15:58:44.248240
cd560d4f-de90-4449-afad-0bfbd7532e5f,CUST-2022-NZ-000026,Rebecca,Martin,Rebecca Martin,Female,1968-10-12,rebecca.martin104@gmx.com,029 9091205,PO Box 67,Gilchristborough,Poarakowhai,5714,NZ,New Zealand,APAC,English,Consumer,None,2022-12-30,2022,RETURNING,True,MDM,2022-12-30 00:00:00,2026-04-17 15:58:44.248242
8f2d3685-466b-451b-bd97-d359e54bdf8f,CUST-2022-NZ-000040,Kirsten,Bell,Kirsten Bell,Female,1957-10-04,kirsten.bell@mail.com,(022) 400-7338,2 Tangiwhero Drive,Taylortown,Rohepapapamoko,6253,NZ,New Zealand,APAC,English,Consumer,None,2022-01-03,2022,RETURNING,True,MDM,2022-01-03 00:00:00,2026-04-17 15:58:44.248243
4ae5ef1d-399b-43be-88a0-6d9098172f6c,CUST-2019-NZ-000093,Murray,Todd,Murray Todd,Male,1975-10-05,murray.todd546@live.com,(09) 670 9917,1 Adams-Bruce Copse,Kowhaitapu,Griffithsland,2247,NZ,New Zealand,APAC,English,Education,None,2019-06-17,2019,RETURNING,True,MDM,2019-06-17,2026-04-17 15:58:44.248245
1ee03efd-98e7-4456-86c2-782e38ece9bc,CUST-2021-NZ-000009,Shelley,Lawson,Shelley Lawson,Female,1996-03-24,shelley.lawson@hotmail.com,320-8827,"41 Hansen Street
RD 7",Manawawekahanga,Mataroa,9022,NZ,New Zealand,APAC,English,Consumer,Platinum,2021-02-27,2021,RETURNING,True,MDM,2021-02-27 00:00:00,2026-04-17 15:58:44.248246
aa56a11e-d63c-450e-be52-30f8d473310b,CUST-2019-NZ-000008,John,Anderson,John Anderson,Male,1991-11-15,john.anderson@protonmail.com,+64 27 432-2087,PO Box 11,Maungarua,McKinnonside,6435,NZ,New Zealand,APAC,English,Business,Gold,2019-04-04,2019,RETURNING,True,MDM,2019-04-04,2026-04-17 15:58:44.248248
06a04b0d-3659-4af2-bd11-d4d1d3344d8b,CUST-2019-NZ-000003,Alison,Ham,Alison Ham,Male,1954-08-04,alison.ham551@msn.com,07 7231490,PO Box 342,Nikauneath,Wattston,3526,NZ,New Zealand,APAC,English,Consumer,Silver,2019-06-29,2019,RETURNING,True,MDM,2019-06-29,2026-04-17 15:58:44.248249
81477009-baab-4329-bb05-f7c6e8bf7c1d,CUST-2019-NZ-000051,Nicola,Freeth,Nicola Freeth,Female,2002-10-22,nicola.freeth@yahoo.com,07-466-6906,2 Rangiwairoa Range Road,Holmesstone,Taumotutahi,2316,NZ,New Zealand,APAC,English,Consumer,None,2019-02-17,2019,RETURNING,True,MDM,2019-02-17,2026-04-17 15:58:44.248251
d8ce44c5-c95f-4b52-b269-7c19e453e36b,CUST-2022-NZ-000004,Charlotte,McKenna,Charlotte McKenna,Female,1988-01-11,charlotte.mckenna@zoho.com,7805255,"Suite 409
666 O'Neill-Morrison Road",Papapatai,Curtisborough,5221,NZ,New Zealand,APAC,English,Business,None,2022-01-29,2022,RETURNING,True,MDM,2022-01-29 00:00:00,2026-04-17 15:58:44.248252
ad2b9d06-7ea4-4258-a3fa-8c5cd72ef319,CUST-2021-NZ-000020,Leo,Pike,Leo Pike,Male,1998-08-13,leo.pike@live.com,6308106,7 Jennifer Drive,Munrostone,Awaiti,9871,NZ,New Zealand,APAC,English,Consumer,Gold,2021-02-20,2021,RETURNING,True,MDM,2021-02-20 00:00:00,2026-04-17 15:58:44.248254
7e370aab-dfb4-4331-bffa-004183560082,CUST-2021-NZ-000038,Jacob,Walsh,Jacob Walsh,Male,1968-03-14,jacob.walsh352@outlook.com,04 2124417,133 McNabb Quay,Roherotoara,Andersonport,8666,NZ,New Zealand,APAC,English,Consumer,Gold,2021-05-24,2021,RETURNING,True,MDM,2021-05-24 00:00:00,2026-04-17 15:58:44.248255
a7466e97-7f18-4015-b37d-5f2daba74f6d,CUST-2022-NZ-000008,Nicholas,Moore,Nicholas Moore,Male,1965-02-20,nicholas.moore@gmx.com,+6493704946,920 Ngaurutipu Reserve,Whakarohe,Rotohope,6038,NZ,New Zealand,APAC,English,Education,None,2022-09-27,2022,RETURNING,True,MDM,2022-09-27 00:00:00,2026-04-17 15:58:44.248257
8bcb2813-5308-46f8-a729-d7e5d25642e1,CUST-2020-NZ-000006,Michael,Jenkins,Michael Jenkins,Male,1964-06-19,michael.jenkins804@mail.com,(07) 409 5035,PO Box 3,Rongonui,Jonesing,9356,NZ,New Zealand,APAC,English,Consumer,Gold,2020-09-04,2020,RETURNING,True,MDM,2020-09-04 00:00:00,2026-04-17 15:58:44.248258
7af73a61-22ce-49ee-9292-25c0209d0577,CUST-2022-NZ-000022,Callum,Nelson,Callum Nelson,Female,1990-03-14,callum.nelson@icloud.com,(021) 579 4882,698 Nigel Street,Tangiwhakatanga,Motuteretoa,9343,NZ,New Zealand,APAC,English,Consumer,None,2022-06-15,2022,RETURNING,True,MDM,2022-06-15 00:00:00,2026-04-17 15:58:44.248260
fa983dcf-be8a-4ed2-90a6-10650ffe1051,CUST-2022-NZ-000037,Patrick,Saunders,Patrick Saunders,Female,1965-03-21,patrick.saunders@live.com,+64-3-466-2810,"983 McGill Street
RD 6",Manawarangitoa,Brownmouth,6216,NZ,New Zealand,APAC,English,Consumer,None,2022-01-19,2022,RETURNING,False,MDM,2022-01-19 00:00:00,2026-04-17 15:58:44.248262
7e0bf159-c0ff-4937-b6a7-7344c160726a,CUST-2021-NZ-000024,Craig,Craven,Craig Craven,Male,1983-02-12,craig.craven684@icloud.com,+6448057608,"Unit 82
86 Pukepukeara Way",Larsenside,Websterland,8205,NZ,New Zealand,APAC,English,Consumer,None,2021-03-24,2021,RETURNING,True,MDM,2021-03-24 00:00:00,2026-04-17 15:58:44.248263
16e98c08-f405-412e-a0e2-80e7e15a6228,CUST-2021-NZ-000027,Debbie,Pickering,Debbie Pickering,Female,1952-03-15,debbie.pickering186@live.com,3040666,"8 Esson Causeway
RD 9",Tahitangi,Wendyton,5550,NZ,New Zealand,APAC,English,Consumer,None,2021-01-18,2021,RETURNING,True,MDM,2021-01-18 00:00:00,2026-04-17 15:58:44.248265
ca1c5b3a-bc5d-4ed7-b714-84b57650cc7d,CUST-2019-NZ-000112,Blair,Wood,Blair Wood,Male,1992-12-02,blair.wood478@yahoo.com,8078363,24 Tipurohe Crossing,Ngaurupo,Koropo,8600,NZ,New Zealand,APAC,English,Consumer,None,2019-11-01,2019,RETURNING,True,MDM,2019-11-01,2026-04-17 15:58:44.248267
6c214b5f-6a78-4f6f-8f9b-48f4ef516e29,CUST-2019-NZ-000108,Bradley,Holland,Bradley Holland,Female,2002-10-21,bradley.holland463@aol.com,+6467067522,PO Box 3,Dunnberg,New Boyceville,6482,NZ,New Zealand,APAC,English,Education,None,2019-08-09,2019,RETURNING,True,MDM,2019-08-09,2026-04-17 15:58:44.248269
6e922c52-4012-4529-bc74-03195db7d972,CUST-2022-NZ-000039,Sharon,Nicholson,Sharon Nicholson,Female,1970-09-07,sharon.nicholson728@hotmail.com,022 786-7259,2 Harris-Johnston Highway,Whareara,Whangatapu,8913,NZ,New Zealand,APAC,English,Consumer,Platinum,2022-02-01,2022,RETURNING,True,MDM,2022-02-01 00:00:00,2026-04-17 15:58:44.248270
7ae1cb8d-3e10-4382-a522-a3f7e181fc53,CUST-2021-NZ-000042,Amaia,Reid,Amaia Reid,Male,1961-03-13,amaia.reid@mail.com,+64274207763,8 Taylor Avenue,Joshuaport,Manawakowhai,6007,NZ,New Zealand,APAC,English,Consumer,Platinum,2021-07-08,2021,RETURNING,True,MDM,2021-07-08 00:00:00,2026-04-17 15:58:44.248271
b7fa1554-b296-404a-ba1c-5de3fd86691f,CUST-2021-NZ-000018,Bruce,Lane,Bruce Lane,Male,1989-10-18,bruce.lane@live.com,+64225005047,PO Box 99,Wharewai,Kowhaiwaka,8287,NZ,New Zealand,APAC,English,Consumer,None,2021-06-05,2021,RETURNING,True,MDM,2021-06-05 00:00:00,2026-04-17 15:58:44.248274
a2f787d6-c43e-4e5e-9b24-a4b4f398451c,CUST-2022-NZ-000044,Samuel,Ball,Samuel Ball,Female,1991-04-21,samuel.ball@yahoo.com,+64 3 107 7430,"Flat 93
9 Anderson Cove",Lake Munrohaven,Horopapapaweka,2141,NZ,New Zealand,APAC,English,Consumer,None,2022-12-18,2022,RETURNING,True,MDM,2022-12-18 00:00:00,2026-04-17 15:58:44.248276
26ad3ac8-2d56-43b1-8e59-f01c0c35df3a,CUST-2019-NZ-000109,Ryan,Healy,Ryan Healy,Male,2006-10-23,ryan.healy9@mail.com,(09) 4630899,898 McNabb Street,Russell Flats,Curtisstone,5179,NZ,New Zealand,APAC,English,Consumer,Platinum,2019-04-18,2019,RETURNING,True,MDM,2019-04-18,2026-04-17 15:58:44.248277
6d774369-6b43-4e90-95fc-cadeccd35c30,CUST-2019-NZ-000079,Lisa,Gilchrist,Lisa Gilchrist,Female,1963-03-22,lisa.gilchrist671@protonmail.com,500 0181,386 Arawhare Arcade,Awawhero,Kororua,9242,NZ,New Zealand,APAC,English,Consumer,None,2019-03-14,2019,RETURNING,True,MDM,2019-03-14,2026-04-17 15:58:44.248279
da2f204c-e996-4728-8d07-2706831f1bd5,CUST-2021-NZ-000008,Maria,Bell,Maria Bell,Male,2004-07-21,maria.bell427@outlook.com,4386282,"1 Hooper-Anderson Cutting
RD 2",Fultonfort,Portermouth,2212,NZ,New Zealand,APAC,English,Consumer,None,2021-06-20,2021,RETURNING,True,MDM,2021-06-20 00:00:00,2026-04-17 15:58:44.248280
57808d05-9d53-4e4e-a47f-600306d69ac0,CUST-2021-NZ-000034,Cherie,Millar,Cherie Millar,Female,2005-09-29,cherie.millar@icloud.com,819 8545,1 Maungawhakahoro Road,Rongongauru,McMahonburn,9014,NZ,New Zealand,APAC,English,Consumer,None,2021-07-19,2021,RETURNING,True,MDM,2021-07-19 00:00:00,2026-04-17 15:58:44.248282
0cce875c-8317-4cb3-b913-270a5df6b7e3,CUST-2019-NZ-000045,Jack,Campbell,Jack Campbell,Female,1970-08-08,jack.campbell350@msn.com,04 879-7873,PO Box 28,Rongongaurupuke,Papapawhangamotu,9736,NZ,New Zealand,APAC,English,Consumer,Silver,2019-12-01,2019,RETURNING,True,MDM,2019-12-01,2026-04-17 15:58:44.248283
946416b1-b585-4687-8e1d-af6857a1af39,CUST-2020-NZ-000019,James,Adams,James Adams,Female,1989-05-03,james.adams@aol.com,021 155-4016,"Level 3
83 Motuhoro Way",Dayings,Horonui,5890,NZ,New Zealand,APAC,English,Consumer,None,2020-06-23,2020,RETURNING,True,MDM,2020-06-23 00:00:00,2026-04-17 15:58:44.248285
1cbba55d-7e97-4ec7-b414-cea6a31b1576,CUST-2023-NZ-000001,Ashleigh,Ward,Ashleigh Ward,Male,2002-10-30,ashleigh.ward@live.com,+64 22 250 6887,172 Puketaingauru Avenue,Motumoko,Andersoning,9015,NZ,New Zealand,APAC,English,Consumer,Gold,2023-08-06,2023,NEW,True,MDM,2023-08-06 00:00:00,2026-04-17 15:58:44.248515
0b8d5919-a0ed-4faa-b701-d69775c38c72,CUST-2023-NZ-000002,Adam,Nicholson,Adam Nicholson,Male,1989-04-21,adam.nicholson@outlook.com,674 3804,PO Box 1,Koromanawa,Craigmouth,1719,NZ,New Zealand,APAC,English,Consumer,Platinum,2023-04-04,2023,NEW,True,MDM,2023-04-04 00:00:00,2026-04-17 15:58:44.248690
72f1e418-6c26-4b24-b6fa-e4bab78c187d,CUST-2023-NZ-000003,Martin,Fitzgerald,Martin Fitzgerald,Female,1973-06-04,martin.fitzgerald454@zoho.com,355 5203,7 Paul Avenue,Simpson Flats,Smithmouth,2028,NZ,New Zealand,APAC,English,Consumer,Silver,2023-02-26,2023,NEW,True,MDM,2023-02-26 00:00:00,2026-04-17 15:58:44.248910
364d53da-a5bd-4595-aa41-37915794a423,CUST-2023-NZ-000004,Max,Thomas,Max Thomas,Female,1958-06-06,max.thomas@msn.com,021-581-5205,921 Whyte Crescent,Pukepukewaka,Rotohope,5315,NZ,New Zealand,APAC,English,Consumer,Silver,2023-11-05,2023,NEW,True,MDM,2023-11-05 00:00:00,2026-04-17 15:58:44.249075
48f442e5-45cb-44db-a575-b97d474154ac,CUST-2023-NZ-000005,Ariki,McEwen,Ariki McEwen,Female,1978-11-17,ariki.mcewen329@icloud.com,+64 27 3652076,899 Pukewharekoro Terrace,McMillanleigh,Mount Williamsonhaven,8974,NZ,New Zealand,APAC,English,Consumer,None,2023-10-09,2023,NEW,True,MDM,2023-10-09 00:00:00,2026-04-17 15:58:44.249272
e65c4fd3-e24e-4ea3-b448-05d5e9d69356,CUST-2023-NZ-000006,Shane,Watkins,Shane Watkins,Female,1969-06-06,shane.watkins@yahoo.com,(027) 4295903,698 Williams Street,Marfelltown,West Kemp Hill,2065,NZ,New Zealand,APAC,English,Consumer,None,2023-01-31,2023,NEW,True,MDM,2023-01-31 00:00:00,2026-04-17 15:58:44.249497
8ee454ef-2beb-4b4b-a4f4-3954a63babd8,CUST-2023-NZ-000007,Matthew,Mason,Matthew Mason,Female,1999-01-26,matthew.mason@icloud.com,+64 9 126 9302,"Flat 14
9 Roberts-Smith Amble",Lower Allenburgh,Burnsleigh,6294,NZ,New Zealand,APAC,English,Consumer,None,2023-04-30,2023,NEW,True,MDM,2023-04-30 00:00:00,2026-04-17 15:58:44.249755
366e865a-a699-4ab7-83e4-e1700020cf2f,CUST-2023-NZ-000008,Benjamin,O'Sullivan,Benjamin O'Sullivan,Male,1982-06-12,benjamin.o'sullivan@icloud.com,027 1834326,PO Box 65,Lower Smithberg,Gemmaneath,2443,NZ,New Zealand,APAC,English,Consumer,Silver,2023-11-27,2023,NEW,True,MDM,2023-11-27 00:00:00,2026-04-17 15:58:44.249951
bb7c512e-7eb1-4493-90de-f4ea69adedc6,CUST-2023-NZ-000009,Jorja,McDonald,Jorja McDonald,Male,1983-12-30,jorja.mcdonald@aol.com,7969111,"5 Rangiwaka Heights
RD 9",Motumanawatanga,Mooreburgh,8811,NZ,New Zealand,APAC,English,Consumer,None,2023-03-09,2023,NEW,True,MDM,2023-03-09 00:00:00,2026-04-17 15:58:44.250115
a09e4054-5048-4f2b-964c-1d0d06939ddf,CUST-2023-NZ-000010,Louise,Harper,Louise Harper,Female,2007-11-22,louise.harper@outlook.com,06-257-4144,4 Wells Terrace,Wardville,Fordside,8608,NZ,New Zealand,APAC,English,Consumer,Silver,2023-10-24,2023,NEW,True,MDM,2023-10-24 00:00:00,2026-04-17 15:58:44.250336
0626be1d-9e64-4d81-8935-ff53a4cbcd6b,CUST-2023-NZ-000011,Grant,Wills,Grant Wills,Male,1992-04-07,grant.wills@live.com,021 2914760,"72 Rogers Trail
RD 2",Sinclairburn,Barrettleigh,8923,NZ,New Zealand,APAC,English,Consumer,Gold,2023-02-16,2023,NEW,True,MDM,2023-02-16 00:00:00,2026-04-17 15:58:44.250559
eeb53253-654e-4d91-b42d-9f49f6ce6b3b,CUST-2023-NZ-000012,Rachel,Smith,Rachel Smith,Female,1977-03-19,rachel.smith@mail.com,+64-4-590-9408,"553 Curtis-Henderson Street
RD 10",Richardsbury,Cohenneath,2062,NZ,New Zealand,APAC,English,Consumer,Platinum,2023-01-03,2023,NEW,True,MDM,2023-01-03 00:00:00,2026-04-17 15:58:44.250826
8babdfc2-a842-40fb-a6be-853050fc45c4,CUST-2023-NZ-000013,Xavier,Green,Xavier Green,Male,1954-12-09,xavier.green@icloud.com,6310028,"301 Matawhanga Grove
RD 4",Loveburn,Baxterhaven,5727,NZ,New Zealand,APAC,English,Consumer,Gold,2023-02-10,2023,NEW,True,MDM,2023-02-10 00:00:00,2026-04-17 15:58:44.251018
dbd670de-18d9-4435-8272-e4b50d3ea505,CUST-2023-NZ-000014,Nicola,Ryan,Nicola Ryan,Female,1987-01-16,nicola.ryan492@gmx.com,+64-29-824-4172,PO Box 70,Francishaven,Paul Flats,8809,NZ,New Zealand,APAC,English,Consumer,None,2023-05-08,2023,NEW,True,MDM,2023-05-08 00:00:00,2026-04-17 15:58:44.251203
062583b1-ec2c-436b-901c-d1673c512f27,CUST-2023-NZ-000015,Maia,Bailey,Maia Bailey,Female,1980-06-27,maia.bailey@protonmail.com,04 125-0430,6 Awahanga Crossing,Wharewhenua,Arakoropuke,2658,NZ,New Zealand,APAC,English,Consumer,None,2023-06-23,2023,NEW,True,MDM,2023-06-23 00:00:00,2026-04-17 15:58:44.251338
9e016c3b-8d59-4233-bcaf-a5973cebb83a,CUST-2023-NZ-000016,Melanie,Barrett,Melanie Barrett,Female,1967-02-23,melanie.barrett@zoho.com,+64-9-542-7117,776 Mokoroto Avenue,Arawhenua,East Hickeyfort,2438,NZ,New Zealand,APAC,English,Education,Platinum,2023-02-04,2023,NEW,True,MDM,2023-02-04 00:00:00,2026-04-17 15:58:44.251503
9bd3c414-62fb-4af6-ab43-52b049cc927d,CUST-2023-NZ-000017,Andrew,Roberts,Andrew Roberts,Female,1966-10-15,andrew.roberts@hotmail.com,(020) 7180855,9 Kawawhenua Pass,Arawhitu,Wardings,9789,NZ,New Zealand,APAC,English,Business,Platinum,2023-04-25,2023,NEW,True,MDM,2023-04-25 00:00:00,2026-04-17 15:58:44.251669
6c505d51-a765-4cb0-9aae-3ee28d4e8f7a,CUST-2023-NZ-000018,Matthew,Cook,Matthew Cook,Female,2004-05-16,matthew.cook@icloud.com,029 259 7926,"Apt. 138
759 Gaskin Street",O'Sullivantown,Susanneath,2513,NZ,New Zealand,APAC,English,Consumer,None,2023-02-11,2023,NEW,True,MDM,2023-02-11 00:00:00,2026-04-17 15:58:44.251909
2fea5619-8520-48cb-8e95-4d94b741bd6f,CUST-2023-NZ-000019,Frances,Martin,Frances Martin,Female,1971-08-11,frances.martin@gmail.com,+64 3 995 8903,PO Box 525,Mokomokowhitu,Arawhare,3884,NZ,New Zealand,APAC,English,Consumer,None,2023-04-25,2023,NEW,True,MDM,2023-04-25 00:00:00,2026-04-17 15:58:44.252071
126b046b-d31e-4d7c-8243-d573c9516b4e,CUST-2023-NZ-000020,Susan,Hayes,Susan Hayes,Male,1976-10-02,susan.hayes810@zoho.com,+64 7 3263052,89 Amber Street,Benjaminborough,North Brooksport,2264,NZ,New Zealand,APAC,English,Consumer,None,2023-01-29,2023,NEW,True,MDM,2023-01-29 00:00:00,2026-04-17 15:58:44.252325
758f1ad4-6cb2-45dd-ac70-fc1d59acc4b2,CUST-2023-NZ-000021,Ryan,Read,Ryan Read,Female,1960-09-30,ryan.read166@hotmail.com,917-9455,243 Tahiwai Street,Waimokotangi,Waimotu,2007,NZ,New Zealand,APAC,English,Consumer,None,2023-12-25,2023,NEW,True,MDM,2023-12-25 00:00:00,2026-04-17 15:58:44.252458
fae3a120-e268-4c0d-8838-264faf2ccc1c,CUST-2023-NZ-000022,Mikayla,Lawson,Mikayla Lawson,Male,1997-08-05,mikayla.lawson@hotmail.com,09 136 6314,"Flat 24
5 Taitai Alley",Pokoro,Matatahi,9265,NZ,New Zealand,APAC,English,Consumer,None,2023-05-22,2023,NEW,True,MDM,2023-05-22 00:00:00,2026-04-17 15:58:44.252593
e0497819-9a3f-47c9-9c74-873205caa5eb,CUST-2023-NZ-000023,Bruce,Bailey,Bruce Bailey,Female,1956-02-28,bruce.bailey@mail.com,+64-6-888-0257,4 Pike Road,Leslieside,Maungatai,2342,NZ,New Zealand,APAC,English,Consumer,None,2023-07-18,2023,NEW,True,MDM,2023-07-18 00:00:00,2026-04-17 15:58:44.252784
e94fe193-cef1-42b2-ad26-04b90f77fc0e,CUST-2023-NZ-000024,Michael,Allan,Michael Allan,Male,1965-03-06,michael.allan@protonmail.com,5793049,"720 Jennifer Beach Road
RD 10",Greergate,Hadfieldings,1732,NZ,New Zealand,APAC,English,Consumer,None,2023-12-23,2023,NEW,True,MDM,2023-12-23 00:00:00,2026-04-17 15:58:44.253025
81200a18-1677-4b2a-83dd-1e67ecb75755,CUST-2023-NZ-000025,Amanda,Perry,Amanda Perry,Female,2000-04-18,amanda.perry@msn.com,4713872,"Level 4
648 Thomas-Anderson Reserve",Kawarongopuke,Upper Cunninghamleigh,8939,NZ,New Zealand,APAC,English,Consumer,None,2023-03-17,2023,NEW,False,MDM,2023-03-17 00:00:00,2026-04-17 15:58:44.253251
45fded40-266e-4cf1-b048-f189eacd1038,CUST-2023-NZ-000026,Summer,Saunders,Summer Saunders,Male,1983-01-14,summer.saunders@yahoo.com,+64 7 183-3036,9 Nikora Street,Terewhangawhanga,Matanui,9637,NZ,New Zealand,APAC,English,Consumer,Silver,2023-05-20,2023,NEW,True,MDM,2023-05-20 00:00:00,2026-04-17 15:58:44.253423
ea8d2cee-fce3-4af0-b681-06687a2f0394,CUST-2023-NZ-000027,Paul,Smith,Paul Smith,Male,1983-03-28,paul.smith@msn.com,021-697-0066,6 Matawairongo Arcade,Horonuku,Arakororoa,0677,NZ,New Zealand,APAC,English,Consumer,None,2023-08-15,2023,NEW,True,MDM,2023-08-15 00:00:00,2026-04-17 15:58:44.253560
0239b154-4adb-48ae-b99d-030c9e17a0e7,CUST-2023-NZ-000028,Angela,Dick,Angela Dick,Male,1985-10-26,angela.dick@hotmail.com,+64 27 398-1761,PO Box 24,Whanganui,Maungamokomoko,9594,NZ,New Zealand,APAC,English,Consumer,None,2023-09-29,2023,NEW,True,MDM,2023-09-29 00:00:00,2026-04-17 15:58:44.253689
03b40a45-18ed-469d-90a3-27dceed15e4a,CUST-2023-NZ-000029,Andrea,Hawkins,Andrea Hawkins,Male,1987-03-29,andrea.hawkins@yahoo.com,(021) 459 9209,PO Box 761,Olsenberg,Rotorohe,9825,NZ,New Zealand,APAC,English,Consumer,Silver,2023-04-16,2023,NEW,True,MDM,2023-04-16 00:00:00,2026-04-17 15:58:44.253849
68b41423-fb4a-4d84-8313-6d477389c99e,CUST-2023-NZ-000030,Wayne,Nolan,Wayne Nolan,Male,1994-10-25,wayne.nolan@zoho.com,027 2046432,"Unit 31
201 Duncan Cove",Pamelaing,Maungaiti,8905,NZ,New Zealand,APAC,English,Consumer,None,2023-03-13,2023,NEW,True,MDM,2023-03-13 00:00:00,2026-04-17 15:58:44.254060
11a057f3-c955-48a8-89b8-50714104c139,CUST-2023-NZ-000031,Shaun,Davis,Shaun Davis,Female,2001-05-21,shaun.davis182@icloud.com,+64-3-683-3968,"14 Forrest-Corlett Arcade
RD 7",Rongowai,Westmouth,2524,NZ,New Zealand,APAC,English,Consumer,None,2023-05-05,2023,NEW,False,MDM,2023-05-05 00:00:00,2026-04-17 15:58:44.254287
3011838f-1b7f-4c93-9cfa-025d75d77488,CUST-2023-NZ-000032,Brendon,Moore,Brendon Moore,Male,1986-09-15,brendon.moore@aol.com,276-1324,"7 James Street
RD 2",High Jenkinston,Whakaroa,8175,NZ,New Zealand,APAC,English,Consumer,Silver,2023-08-08,2023,NEW,True,MDM,2023-08-08 00:00:00,2026-04-17 15:58:44.254491
fba4c33f-f6ca-4036-8f6c-804d8276f437,CUST-2023-NZ-000033,Susan,Baxter,Susan Baxter,Male,1983-01-24,susan.baxter@live.com,+6468431347,"35 Fleming Avenue
RD 9",Bryantfort,Dunnleigh,8579,NZ,New Zealand,APAC,English,Consumer,Gold,2023-05-14,2023,NEW,True,MDM,2023-05-14 00:00:00,2026-04-17 15:58:44.254714
6a3faa62-3633-4e2d-af95-8dbf0485db7a,CUST-2023-NZ-000034,Anthony,Campbell,Anthony Campbell,Female,1958-11-24,anthony.campbell@gmx.com,(06) 8876776,PO Box 49,Taneport,Taylorland,5132,NZ,New Zealand,APAC,English,Education,Silver,2023-12-28,2023,NEW,True,MDM,2023-12-28 00:00:00,2026-04-17 15:58:44.254909
6e67f1d6-cfe8-49ee-9ae0-fe80c118276d,CUST-2023-NZ-000035,Rachael,Patterson,Rachael Patterson,Male,1968-03-06,rachael.patterson@gmx.com,976-5520,PO Box 832,Pohope,Roheara,7039,NZ,New Zealand,APAC,English,Education,None,2023-11-12,2023,NEW,False,MDM,2023-11-12 00:00:00,2026-04-17 15:58:44.255035
6c73a7ae-e686-4128-81ba-e20da55fa8de,CUST-2023-NZ-000036,Leo,Powell,Leo Powell,Male,1969-05-14,leo.powell@gmail.com,+64 7 1800265,"623 Jack Crescent
RD 7",Wallings,Joshuaside,6483,NZ,New Zealand,APAC,English,Consumer,None,2023-10-01,2023,NEW,True,MDM,2023-10-01 00:00:00,2026-04-17 15:58:44.255289
dca56854-180a-413b-9438-adfebf129465,CUST-2023-NZ-000037,Ryan,Jackson,Ryan Jackson,Female,1976-12-25,ryan.jackson@aol.com,+64 6 3058723,42 Paula Circuit,Lawsonhaven,Buckley Hill,9046,NZ,New Zealand,APAC,English,Education,Platinum,2023-01-17,2023,NEW,True,MDM,2023-01-17 00:00:00,2026-04-17 15:58:44.255522
7d814edd-9bef-4452-ac4c-1050028747af,CUST-2023-NZ-000038,Robert,Corbett,Robert Corbett,Male,1961-05-16,robert.corbett@zoho.com,+64 21 528 4106,79 Wilton Street,Tahiwhareroto,Andersonton,5826,NZ,New Zealand,APAC,English,Consumer,Silver,2023-12-16,2023,NEW,True,MDM,2023-12-16 00:00:00,2026-04-17 15:58:44.255714
4c49394a-3e3a-4b93-a5ad-9a2270974179,CUST-2023-NZ-000039,Mackenzie,Gore,Mackenzie Gore,Male,1987-09-04,mackenzie.gore554@live.com,841 2752,"Level 4
4 Sarah Terrace",Fordgate,Beattieport,9554,NZ,New Zealand,APAC,English,Consumer,None,2023-04-24,2023,NEW,True,MDM,2023-04-24 00:00:00,2026-04-17 15:58:44.255945
c6005887-d115-458e-aefd-88b6f1911f45,CUST-2023-NZ-000040,Ryan,Stuart,Ryan Stuart,Male,2001-11-02,ryan.stuart@msn.com,07 884-4626,PO Box 1,Potahinuku,Mokowhenua,4783,NZ,New Zealand,APAC,English,Consumer,Platinum,2023-11-23,2023,NEW,True,MDM,2023-11-23 00:00:00,2026-04-17 15:58:44.256072
e2cc7671-1dee-44b3-8b0d-a0ff5d888e0e,CUST-2023-NZ-000041,Rebecca,Ward,Rebecca Ward,Male,2003-08-18,rebecca.ward@hotmail.com,(027) 870-1544,360 Rotomanawamata Place,Pattersonmouth,Greerborough,5081,NZ,New Zealand,APAC,English,Consumer,Silver,2023-08-15,2023,NEW,True,MDM,2023-08-15 00:00:00,2026-04-17 15:58:44.256267
e216d4a0-73a8-461c-9138-9f7756e146e9,CUST-2023-NZ-000042,Emma,Griffiths,Emma Griffiths,Female,1970-01-19,emma.griffiths@mail.com,(022) 386-0756,"38 Tangimotunui Street
RD 9",Wakatapu,Jensengate,2684,NZ,New Zealand,APAC,English,Consumer,Gold,2023-06-19,2023,NEW,True,MDM,2023-06-19 00:00:00,2026-04-17 15:58:44.256434
e04f78fb-7f71-4b1f-b249-980456492b2a,CUST-2023-NZ-000043,Michael,Joe,Michael Joe,Male,2007-11-13,michael.joe61@aol.com,04 5767882,20 Manawakiwi Avenue,Whangarua,Wakatangitipu,8273,NZ,New Zealand,APAC,English,Business,Silver,2023-12-19,2023,NEW,True,MDM,2023-12-19 00:00:00,2026-04-17 15:58:44.256568
f76b737d-1fc4-4304-b73a-aa6b91dd9536,CUST-2023-NZ-000044,Justine,Lane,Justine Lane,Male,1972-11-09,justine.lane308@hotmail.com,+64212432056,5 Oliver Track,Jackstone,Johnstonestone,8552,NZ,New Zealand,APAC,English,Consumer,None,2023-02-17,2023,NEW,False,MDM,2023-02-17 00:00:00,2026-04-17 15:58:44.256798
a8aaa29a-5c44-47d5-906a-b2641f9e0f5e,CUST-2023-NZ-000045,Helen,Mayo,Helen Mayo,Male,1984-01-12,helen.mayo@outlook.com,+64-27-934-3444,"2 McCarthy-McIntyre Range Road
RD 2",Pukepuke,Wharerongo,5758,NZ,New Zealand,APAC,English,Consumer,None,2023-11-19,2023,NEW,True,MDM,2023-11-19 00:00:00,2026-04-17 15:58:44.256992
c0af5367-2af5-456a-afa7-a28913a2c847,CUST-2023-NZ-000046,Benjamin,Boyd,Benjamin Boyd,Male,1994-03-14,benjamin.boyd@protonmail.com,9667204,"Unit 18
201 Satherley-McKay Circle",Kawawai,Wakatahipapapa,2122,NZ,New Zealand,APAC,English,Consumer,None,2023-10-28,2023,NEW,True,MDM,2023-10-28 00:00:00,2026-04-17 15:58:44.257192
3c126edb-b39e-4d67-8484-39eae6e7e985,CUST-2023-NZ-000047,Robyn,Bell,Robyn Bell,Female,1995-04-20,robyn.bell@gmail.com,(027) 768 4848,"95 Paterson Crescent
RD 1",Kowhaikowhaiwhitu,O'Neillside,4681,NZ,New Zealand,APAC,English,Consumer,Silver,2023-04-27,2023,NEW,True,MDM,2023-04-27 00:00:00,2026-04-17 15:58:44.257389
072b869a-0920-4fdf-a6ea-902dd7ed417f,CUST-2023-NZ-000048,Caleb,Blair,Caleb Blair,Male,1978-11-15,caleb.blair@zoho.com,022 420-3135,PO Box 16,Waiawa,Thompsonleigh,2448,NZ,New Zealand,APAC,English,Consumer,None,2023-12-03,2023,NEW,True,MDM,2023-12-03 00:00:00,2026-04-17 15:58:44.257544
01662f3d-b9c1-4820-9f00-d1a751819df7,CUST-2023-NZ-000049,William,Hardie,William Hardie,Male,1967-04-02,william.hardie@hotmail.com,(04) 366-0929,PO Box 4,Simonsenstone,Stewart Hill,6900,NZ,New Zealand,APAC,English,Business,Platinum,2023-04-15,2023,NEW,True,MDM,2023-04-15 00:00:00,2026-04-17 15:58:44.257729
c6b5cec5-884a-4d0e-967a-02e15c5ce961,CUST-2023-NZ-000050,Phillip,Smith,Phillip Smith,Male,1997-11-01,phillip.smith@aol.com,020 989-5612,"86 Ward Heights
RD 2",Scotthaven,Turnerhaven,5326,NZ,New Zealand,APAC,English,Consumer,None,2023-10-28,2023,NEW,True,MDM,2023-10-28 00:00:00,2026-04-17 15:58:44.257951
6d5e5e37-9390-407a-9a4b-25559afd1eaf,CUST-2023-NZ-000051,Deborah,Hardie,Deborah Hardie,Male,1972-03-08,deborah.hardie@zoho.com,+64 27 7478674,28 Tipuweka Avenue,Horoiti,Rotohanga,6933,NZ,New Zealand,APAC,English,Consumer,Silver,2023-06-28,2023,NEW,True,MDM,2023-06-28 00:00:00,2026-04-17 15:58:44.258083
6d75090a-7827-480b-9fc5-442dce00c569,CUST-2023-NZ-000052,Andrew,Drake,Andrew Drake,Female,1973-12-21,andrew.drake@mail.com,(027) 251 2802,"7 Stevens Crescent
RD 1",Danielfort,Knightburgh,8552,NZ,New Zealand,APAC,English,Consumer,Silver,2023-06-18,2023,NEW,True,MDM,2023-06-18 00:00:00,2026-04-17 15:58:44.258321
cdb378e4-7278-4693-8c96-67018898028c,CUST-2023-NZ-000053,Phillip,Jensen,Phillip Jensen,Male,1968-11-08,phillip.jensen@protonmail.com,(06) 8045706,"Level 5
28 Roherongo Road",Tahitahi,Whakatai,8611,NZ,New Zealand,APAC,English,Consumer,None,2023-01-15,2023,NEW,True,MDM,2023-01-15 00:00:00,2026-04-17 15:58:44.258457
